6.464405117819742586e-01,1.000000000000000000e+00,8.082901282149315136e-01,6.346495489906907039e-01,2.709643980167140143e-01,9.376823391999684620e-01,3.127616337880774200e-01
0.000000000000000000e+00,-3.333333333333333703e-01,-5.999999999999999778e-01,-7.142857142857143016e-01,-8.181818181818181213e-01,-8.461538461538461453e-01,-8.823529411764705621e-01
-5.000000000000000000e-01,3.333333333333332593e-01,-1.999999999999999556e-01,-4.285714285714286031e-01,-6.363636363636363535e-01,-6.923076923076922906e-01,-7.647058823529411242e-01
5.000000000000000000e-01,-7.777777777777777901e-01,1.999999999999999556e-01,-1.428571428571429047e-01,-4.545454545454545858e-01,-5.384615384615384359e-01,-6.470588235294116863e-01
-7.500000000000000000e-01,-1.111111111111111605e-01,6.000000000000000888e-01,1.428571428571427937e-01,-2.727272727272727071e-01,-3.846153846153845812e-01,-5.294117647058823595e-01
2.500000000000000000e-01,5.555555555555553582e-01,-9.200000000000000400e-01,4.285714285714286031e-01,-9.090909090909093937e-02,-2.307692307692307265e-01,-4.117647058823529216e-01
-2.500000000000000000e-01,-5.555555555555555802e-01,-5.200000000000000178e-01,7.142857142857141906e-01,9.090909090909082835e-02,-7.692307692307687184e-02,-2.941176470588234837e-01
7.500000000000000000e-01,1.111111111111111605e-01,-1.199999999999999956e-01,-9.591836734693877098e-01,2.727272727272727071e-01,7.692307692307687184e-02,-1.764705882352941568e-01
-9.867872718344511407e-01,9.569861616690586992e-01,-1.000000000000000000e+00,1.000000000000000000e+00,1.000000000000000000e+00,1.000000000000000000e+00,1.000000000000000000e+00
-2.487838630704799214e-01,5.685951261764911058e-01,-1.000000000000000000e+00,1.000000000000000000e+00,-1.000000000000000000e+00,1.000000000000000000e+00,-5.273786437997892221e-03
-1.864910940026522634e-01,8.599953025707642862e-01,1.000000000000000000e+00,1.000000000000000000e+00,7.694610683494662595e-01,1.000000000000000000e+00,1.000000000000000000e+00
-3.480583232440138119e-01,1.000000000000000000e+00,-1.000000000000000000e+00,1.000000000000000000e+00,5.198434183666160724e-01,1.000000000000000000e+00,-2.575176685515316310e-01
-3.399178885871734224e-01,5.303016315789849111e-01,-1.000000000000000000e+00,9.999999999999998890e-01,1.589417501506397434e-01,-1.000000000000000000e+00,8.948262671129020296e-01
-1.168043487237782271e-02,1.472788113176885794e-01,-1.000000000000000000e+00,-8.834042552584672747e-02,7.588638103043000571e-01,1.000000000000000000e+00,1.000000000000000000e+00
-1.000000000000000000e+00,9.466400889751919179e-01,-9.999997341737670853e-01,1.000000000000000000e+00,1.000000000000000000e+00,-1.000000000000000000e+00,-1.000000000000000000e+00
-1.000000000000000000e+00,1.000000000000000000e+00,-1.000000000000000000e+00,1.000000000000000000e+00,-1.000000000000000000e+00,2.356691459450908077e-01,-5.065859182161525087e-01
-9.190593346603531666e-01,1.000000000000000000e+00,9.673412598551254238e-01,1.000000000000000000e+00,1.173508086302834652e-01,1.000000000000000000e+00,-4.588834238809317845e-01
-5.746222952796439243e-01,1.000000000000000000e+00,1.000000000000000000e+00,1.514077069580825260e-02,1.000000000000000000e+00,1.000000000000000000e+00,2.581429321941846114e-02
-1.687967029435758493e-01,1.000000000000000000e+00,5.349927862171600934e-02,-2.014578347764411359e-01,1.000000000000000000e+00,1.000000000000000000e+00,1.000000000000000000e+00
-1.000000000000000000e+00,1.000000000000000000e+00,-1.000000000000000000e+00,3.369045384281809663e-01,-2.907152512602707017e-01,1.000000000000000000e+00,-1.000000000000000000e+00
-1.304717976988623296e-01,1.000000000000000000e+00,1.000000000000000000e+00,-6.656684828740547788e-01,1.000000000000000000e+00,1.000000000000000000e+00,1.000000000000000000e+00
-9.077384864626468763e-01,6.778001110740279334e-01,-1.000000000000000000e+00,4.715682955680732258e-01,9.344849880259711306e-01,1.000000000000000000e+00,-1.000000000000000000e+00
-8.616717774886949455e-01,6.547834364538926977e-01,-1.000000000000000000e+00,4.361857698395361083e-01,-1.000000000000000000e+00,1.000000000000000000e+00,-1.000000000000000000e+00
-3.594425907346949223e-01,9.999999999999998890e-01,-3.024524150544273815e-01,1.000000000000000000e+00,1.000000000000000000e+00,1.000000000000000000e+00,-1.000000000000000000e+00
6.872497645144454159e-02,1.000000000000000000e+00,1.000000000000000000e+00,-6.585754089203459394e-01,1.000000000000000000e+00,1.000000000000000000e+00,1.000000000000000000e+00
-1.000000000000000000e+00,7.238645288706537784e-01,7.019671790412350676e-01,1.000000000000000000e+00,-1.000000000000000000e+00,1.000000000000000000e+00,-1.000000000000000000e+00
-1.813242988448283688e-01,1.000000000000000000e+00,-1.000000000000000000e+00,3.278884125851781461e-01,1.000000000000000000e+00,1.000000000000000000e+00,-1.000000000000000000e+00
-1.000000000000000000e+00,7.238593973022494632e-01,4.209215410825135062e-01,1.000000000000000000e+00,-2.653665271746921128e-01,1.000000000000000000e+00,-1.000000000000000000e+00
-3.138173740143571783e-02,1.000000000000000000e+00,-1.000000000000000000e+00,3.395295779598431207e-01,1.000000000000000000e+00,1.000000000000000000e+00,1.000000000000000000e+00
-1.000000000000000000e+00,7.238560304802162948e-01,-1.000000000000000000e+00,4.264600780700928406e-01,1.305428152755141180e-01,1.000000000000000000e+00,-1.000000000000000000e+00
-1.318998958054300175e-01,1.000000000000000000e+00,-1.000000000000000000e+00,3.680080809395009367e-01,1.000000000000000000e+00,1.000000000000000000e+00,9.999999999999998890e-01
-1.000000000000000000e+00,7.238538215082822580e-01,-6.092048917268734209e-01,1.000000000000000000e+00,5.115135427796086987e-01,1.000000000000000000e+00,-1.000000000000000000e+00
-4.908187840197660301e-01,1.000000000000000000e+00,-1.000000000000000000e+00,3.646448559887464080e-01,1.000000000000000000e+00,1.000000000000000000e+00,-1.000000000000000000e+00
-3.106387086980085810e-01,1.000000000000000000e+00,-1.000000000000000000e+00,3.679607769882615176e-01,1.000000000000000000e+00,1.000000000000000000e+00,-1.000000000000000000e+00
-5.897971794504749399e-01,1.000000000000000000e+00,1.000000000000000000e+00,1.000000000000000000e+00,9.855663192764350100e-01,1.000000000000000000e+00,-7.329245782758855299e-01
1.012587621368407770e-01,1.000000000000000000e+00,-1.161057046270912302e-01,-6.914634322659635179e-02,1.000000000000000000e+00,1.000000000000000000e+00,1.000000000000000000e+00
-9.353063192411249505e-01,1.000000000000000000e+00,9.587052556671408210e-01,1.000000000000000000e+00,-1.000000000000000000e+00,1.000000000000000000e+00,-1.000000000000000000e+00
-8.248329564896524912e-01,1.000000000000000000e+00,1.000000000000000000e+00,1.000000000000000000e+00,-9.272429893062921202e-01,1.000000000000000000e+00,-1.000000000000000000e+00
9.453045479407702623e-02,1.000000000000000000e+00,4.658447962277104670e-01,6.827396737525690540e-01,1.000000000000000000e+00,1.000000000000000000e+00,1.000000000000000000e+00
-1.000000000000000000e+00,9.828118328622345024e-01,4.423275861999699798e-01,1.000000000000000000e+00,1.000000000000000000e+00,1.000000000000000000e+00,-1.000000000000000000e+00
-1.000000000000000000e+00,7.238502397305696112e-01,-1.000000000000000000e+00,8.238896046906255544e-01,-6.709527981965244248e-01,1.000000000000000000e+00,-1.000000000000000000e+00
-1.000000000000000000e+00,1.000000000000000000e+00,-8.407671700755199595e-02,1.000000000000000000e+00,-1.000000000000000000e+00,1.000000000000000000e+00,-1.000000000000000000e+00
-1.000000000000000000e+00,7.238500221974464299e-01,-1.000000000000000000e+00,1.000000000000000000e+00,2.489505216167251234e-01,1.000000000000000000e+00,-1.000000000000000000e+00
-7.168072926399444711e-01,7.699921642965140700e-01,-1.000000000000000000e+00,6.806217811506900528e-01,1.000000000000000000e+00,1.000000000000000000e+00,-1.000000000000000000e+00
3.131818147790795814e-01,1.000000000000000000e+00,-1.000000000000000000e+00,6.475360537774068614e-01,1.000000000000000000e+00,1.000000000000000000e+00,1.000000000000000000e+00
-1.000000000000000000e+00,7.238498277386572477e-01,-1.000000000000000000e+00,4.109662317759367745e-01,5.880523920522637837e-01,1.000000000000000000e+00,-9.999999999999998890e-01
-9.999999999999998890e-01,7.238497858330789070e-01,4.855326206362700452e-03,1.000000000000000000e+00,9.630487769864776171e-01,1.000000000000000000e+00,-1.000000000000000000e+00
-1.000000000000000000e+00,1.000000000000000000e+00,7.017041402242609749e-01,1.000000000000000000e+00,-1.000000000000000000e+00,1.000000000000000000e+00,-1.000000000000000000e+00
-1.000000000000000000e+00,7.238497243952988214e-01,-1.000000000000000000e+00,4.197848452164379962e-01,-3.995071746038350580e-01,1.000000000000000000e+00,-1.000000000000000000e+00
5.962394167117579524e-01,1.000000000000000000e+00,1.000000000000000000e+00,-3.993258971559264237e-01,1.000000000000000000e+00,1.000000000000000000e+00,1.000000000000000000e+00
-1.000000000000000000e+00,7.238496840859728332e-01,-1.000000000000000000e+00,4.142275180048236582e-01,5.958459975699446076e-01,1.000000000000000000e+00,-1.000000000000000000e+00
4.923497568985883421e-01,1.000000000000000000e+00,4.799552761463860180e-03,-1.531056133484225701e-01,1.000000000000000000e+00,1.000000000000000000e+00,1.000000000000000000e+00
5.399789134218978548e-01,9.999999999999998890e-01,-6.856279004410056888e-02,-8.279308089115947067e-02,9.999999999999998890e-01,1.000000000000000000e+00,1.000000000000000000e+00
1.516117172733690566e-01,1.000000000000000000e+00,-1.000000000000000000e+00,3.797188624730335471e-01,1.000000000000000000e+00,1.000000000000000000e+00,-1.000000000000000000e+00
-1.000000000000000000e+00,8.465635801213989842e-01,-4.559518096679180399e-01,1.000000000000000000e+00,-1.000000000000000000e+00,1.000000000000000000e+00,-1.000000000000000000e+00
9.096761648910762776e-01,1.000000000000000000e+00,1.000000000000000000e+00,-1.347237960338440454e-01,1.000000000000000000e+00,1.000000000000000000e+00,1.000000000000000000e+00
3.536152110835007467e-01,1.000000000000000000e+00,-4.324593504856434345e-01,1.000000000000000000e+00,1.000000000000000000e+00,1.000000000000000000e+00,1.000000000000000000e+00
-1.000000000000000000e+00,7.238496247762443714e-01,-1.000000000000000000e+00,4.119071728186037284e-01,-1.000000000000000000e+00,1.000000000000000000e+00,-1.000000000000000000e+00
6.159736581017554169e-01,1.000000000000000000e+00,4.410711646301095912e-01,1.000000000000000000e+00,1.000000000000000000e+00,1.000000000000000000e+00,1.000000000000000000e+00
-1.000000000000000000e+00,7.238496187259706449e-01,-1.000000000000000000e+00,4.142398670451603038e-01,-1.000000000000000000e+00,1.000000000000000000e+00,-1.000000000000000000e+00
1.008282938775545007e-01,1.000000000000000000e+00,-8.087500332280219903e-03,1.000000000000000000e+00,1.000000000000000000e+00,1.000000000000000000e+00,-1.000000000000000000e+00
1.000000000000000000e+00,1.000000000000000000e+00,2.372885801569693809e-01,-2.660277129979043975e-01,1.000000000000000000e+00,1.000000000000000000e+00,1.000000000000000000e+00
-1.000000000000000000e+00,7.238496133181842040e-01,-1.000000000000000000e+00,1.000000000000000000e+00,-1.000000000000000000e+00,1.000000000000000000e+00,-1.000000000000000000e+00
7.173217732946538527e-01,1.000000000000000000e+00,-1.000000000000000000e+00,3.684085419864605582e-01,9.999999999999998890e-01,1.000000000000000000e+00,-9.999999999999997780e-01
8.928970482839975187e-01,1.000000000000000000e+00,-1.000000000000000000e+00,3.597842904727683311e-01,1.000000000000000000e+00,1.000000000000000000e+00,1.000000000000000000e+00
-1.000000000000000000e+00,7.238496104430507394e-01,-3.944971261807768692e-01,1.000000000000000000e+00,8.519052434047774680e-01,1.000000000000000000e+00,-1.000000000000000000e+00
8.904222219880456590e-01,1.000000000000000000e+00,-1.000000000000000000e+00,3.670386466290451732e-01,1.000000000000000000e+00,1.000000000000000000e+00,1.000000000000000000e+00
1.000000000000000000e+00,1.000000000000000000e+00,-8.921684179946109960e-01,3.162857108163842912e-01,1.000000000000000000e+00,1.000000000000000000e+00,-1.000000000000000000e+00
3.601970672607421875e-01,1.000000000000000000e+00,-1.000000000000000000e+00,1.000000000000000000e+00,1.000000000000000000e+00,1.000000000000000000e+00,-1.000000000000000000e+00
-1.000000000000000000e+00,1.000000000000000000e+00,6.034515256255291726e-01,1.000000000000000000e+00,4.190609164484595389e-02,1.000000000000000000e+00,-1.000000000000000000e+00
1.000000000000000000e+00,1.000000000000000000e+00,-4.994133979184260941e-01,6.066832734707080510e-01,1.000000000000000000e+00,1.000000000000000000e+00,1.000000000000000000e+00
-8.875122065538360028e-01,1.000000000000000000e+00,1.000000000000000000e+00,1.000000000000000000e+00,7.426579197943312671e-01,1.000000000000000000e+00,-1.000000000000000000e+00
-1.000000000000000000e+00,7.238496079664938909e-01,-9.999999999999998890e-01,1.000000000000000000e+00,9.999999999999998890e-01,9.999999999999998890e-01,-1.000000000000000000e+00
1.000000000000000000e+00,1.000000000000000000e+00,7.381433398911909638e-01,-5.246926923248316221e-01,9.999999999999998890e-01,1.000000000000000000e+00,1.000000000000000000e+00
1.000000000000000000e+00,1.000000000000000000e+00,-8.251021242868554761e-01,1.000000000000000000e+00,1.000000000000000000e+00,1.000000000000000000e+00,-1.000000000000000000e+00
-1.000000000000000000e+00,1.000000000000000000e+00,3.115934752120961826e-01,1.000000000000000000e+00,-1.000000000000000000e+00,1.000000000000000000e+00,-1.000000000000000000e+00
-5.982442099218880927e-01,9.593574059019104316e-01,-1.000000000000000000e+00,3.741781174571556234e-01,1.000000000000000000e+00,1.000000000000000000e+00,-1.000000000000000000e+00
1.000000000000000000e+00,1.000000000000000000e+00,1.000000000000000000e+00,-6.569953849730699735e-01,1.000000000000000000e+00,1.000000000000000000e+00,1.000000000000000000e+00
-9.655565735570378338e-01,1.000000000000000000e+00,8.928428150209352099e-01,1.000000000000000000e+00,1.000000000000000000e+00,1.000000000000000000e+00,-1.000000000000000000e+00
-9.587380158676130915e-01,1.000000000000000000e+00,8.892430614881596806e-01,1.000000000000000000e+00,1.000000000000000000e+00,1.000000000000000000e+00,-1.000000000000000000e+00
-1.000000000000000000e+00,7.238496074564263472e-01,-1.000000000000000000e+00,4.143751617079999838e-01,-6.769476935278407881e-01,1.000000000000000000e+00,-1.000000000000000000e+00
-5.299127051810889055e-01,1.000000000000000000e+00,5.253529282945660350e-01,1.000000000000000000e+00,1.000000000000000000e+00,1.000000000000000000e+00,1.000000000000000000e+00
9.999999999999997780e-01,1.000000000000000000e+00,-2.600697693667717858e-01,-1.193113243492333574e-02,1.000000000000000000e+00,1.000000000000000000e+00,1.000000000000000000e+00
1.000000000000000000e+00,1.000000000000000000e+00,1.092031438405506732e-01,7.335551464985385905e-01,1.000000000000000000e+00,1.000000000000000000e+00,1.000000000000000000e+00
-8.622804505375567530e-01,8.140019780795716420e-01,-1.000000000000000000e+00,3.977480386430737869e-01,1.000000000000000000e+00,1.000000000000000000e+00,-9.999999999999998890e-01
-8.625005999698318604e-01,8.134263450476552082e-01,-1.000000000000000000e+00,3.989029058186265297e-01,1.000000000000000000e+00,1.000000000000000000e+00,-9.999999999999998890e-01
-8.587509180270862519e-01,8.099666522763000476e-01,-1.000000000000000000e+00,3.994851185027189500e-01,1.000000000000000000e+00,1.000000000000000000e+00,-1.000000000000000000e+00
-8.910944695330001997e-01,8.397476824194751721e-01,-1.000000000000000000e+00,3.943876932229282151e-01,1.000000000000000000e+00,1.000000000000000000e+00,-1.000000000000000000e+00
-9.029536047323646342e-01,8.505012025207077109e-01,-1.000000000000000000e+00,3.925629422926253942e-01,1.000000000000000000e+00,1.000000000000000000e+00,-1.000000000000000000e+00
-9.034741474908896119e-01,8.509635724522298661e-01,-1.000000000000000000e+00,3.924854771339067461e-01,9.999999999999998890e-01,1.000000000000000000e+00,-1.000000000000000000e+00
-9.999999999999998890e-01,7.238496071877126292e-01,-1.000000000000000000e+00,1.000000000000000000e+00,-2.537505092170669885e-01,1.000000000000000000e+00,-1.000000000000000000e+00
-1.000000000000000000e+00,7.238496071601937532e-01,-1.000000000000000000e+00,4.142904582821452242e-01,-1.252946545709156811e-01,1.000000000000000000e+00,-1.000000000000000000e+00
-9.999999999999998890e-01,7.238496090538427685e-01,-1.000000000000000000e+00,4.142220762184701255e-01,-1.264740304389860293e-01,1.000000000000000000e+00,-1.000000000000000000e+00
-3.056974636830748215e-01,1.000000000000000000e+00,1.000000000000000000e+00,1.000000000000000000e+00,1.000000000000000000e+00,1.000000000000000000e+00,1.000000000000000000e+00
-1.000000000000000000e+00,7.238496059153880502e-01,-1.000000000000000000e+00,7.125631152195860407e-01,-1.000000000000000000e+00,1.000000000000000000e+00,-1.000000000000000000e+00
-6.190744516085310289e-01,1.000000000000000000e+00,1.000000000000000000e+00,1.000000000000000000e+00,1.000000000000000000e+00,1.000000000000000000e+00,2.765778097965484461e-01
-9.999999999999998890e-01,7.238496069964717172e-01,-1.000000000000000000e+00,7.118626347278582678e-01,-1.000000000000000000e+00,1.000000000000000000e+00,-1.000000000000000000e+00
-1.000000000000000000e+00,7.238496192130567941e-01,-1.000000000000000000e+00,7.111625426171499509e-01,-1.000000000000000000e+00,1.000000000000000000e+00,-1.000000000000000000e+00
-2.605950690933517278e-01,1.000000000000000000e+00,-1.000000000000000000e+00,8.343119650759450723e-01,1.000000000000000000e+00,1.000000000000000000e+00,-1.000000000000000000e+00
-1.000000000000000000e+00,8.224376312040930781e-01,-3.027854707043418636e-01,1.000000000000000000e+00,-5.386770501039526149e-01,1.000000000000000000e+00,-1.000000000000000000e+00
-1.000000000000000000e+00,1.000000000000000000e+00,1.650179438341275173e-01,1.000000000000000000e+00,6.094741186915512143e-01,1.000000000000000000e+00,-1.000000000000000000e+00
-1.000000000000000000e+00,7.238496290322187221e-01,-6.770560938707105292e-01,1.000000000000000000e+00,-1.000000000000000000e+00,1.000000000000000000e+00,-1.000000000000000000e+00
-1.000000000000000000e+00,7.238496070111632985e-01,-1.000000000000000000e+00,4.145660104172438909e-01,8.296091089015656950e-01,1.000000000000000000e+00,-1.000000000000000000e+00
1.000000000000000000e+00,1.000000000000000000e+00,-8.418362055631896101e-01,2.870567294547214932e-01,1.000000000000000000e+00,1.000000000000000000e+00,1.000000000000000000e+00
1.000000000000000000e+00,1.000000000000000000e+00,6.261071409507656949e-01,-4.671896522665828777e-01,1.000000000000000000e+00,1.000000000000000000e+00,1.000000000000000000e+00
-1.000000000000000000e+00,7.238496071051373493e-01,-1.000000000000000000e+00,4.142206558187762622e-01,8.289993547072160851e-01,1.000000000000000000e+00,-1.000000000000000000e+00
-1.000000000000000000e+00,7.238496076353038156e-01,-1.000000000000000000e+00,4.142037888496877818e-01,3.629931894130875025e-01,1.000000000000000000e+00,-1.000000000000000000e+00
-1.000000000000000000e+00,7.238496072108085988e-01,-1.000000000000000000e+00,4.142211707651496932e-01,8.282979357477573412e-01,1.000000000000000000e+00,-1.000000000000000000e+00
-1.000000000000000000e+00,7.238496069400989219e-01,-1.000000000000000000e+00,4.142215813249119361e-01,8.302666657632415959e-01,1.000000000000000000e+00,-1.000000000000000000e+00
-1.000000000000000000e+00,7.238496073104445649e-01,-1.000000000000000000e+00,4.142217060560884900e-01,8.309682230323667262e-01,1.000000000000000000e+00,-1.000000000000000000e+00
-1.000000000000000000e+00,7.238496073419857790e-01,-1.000000000000000000e+00,4.142216783275038394e-01,8.316683696534338255e-01,1.000000000000000000e+00,-1.000000000000000000e+00
-1.000000000000000000e+00,7.238496071658393483e-01,-1.000000000000000000e+00,4.142216399505774804e-01,8.323684258447173745e-01,1.000000000000000000e+00,-1.000000000000000000e+00
-1.000000000000000000e+00,7.238496072873942255e-01,-1.000000000000000000e+00,4.142217754639326843e-01,8.330692969013923088e-01,1.000000000000000000e+00,-1.000000000000000000e+00
4.356468469802640686e-01,1.000000000000000000e+00,-1.000000000000000000e+00,3.672030667636455581e-01,1.000000000000000000e+00,1.000000000000000000e+00,-1.000000000000000000e+00
-9.999999999999997780e-01,7.238496075182672129e-01,-1.000000000000000000e+00,4.142216058486569707e-01,3.636948533301875286e-01,1.000000000000000000e+00,-1.000000000000000000e+00
-1.000000000000000000e+00,7.238496080182260650e-01,-1.000000000000000000e+00,4.142215666466279589e-01,3.622926669038640246e-01,1.000000000000000000e+00,-1.000000000000000000e+00
-1.000000000000000000e+00,9.167736910527337635e-01,-9.229284312547259006e-02,1.000000000000000000e+00,1.578316628186523162e-03,1.000000000000000000e+00,-1.000000000000000000e+00
-8.812636394924265870e-01,1.000000000000000000e+00,-8.769155627634896977e-01,1.000000000000000000e+00,1.000000000000000000e+00,1.000000000000000000e+00,-1.000000000000000000e+00
-1.000000000000000000e+00,7.238496076895495346e-01,-1.000000000000000000e+00,4.142218615198766107e-01,3.615915862646767454e-01,1.000000000000000000e+00,-1.000000000000000000e+00
-1.000000000000000000e+00,1.000000000000000000e+00,1.000000000000000000e+00,1.000000000000000000e+00,1.000000000000000000e+00,1.000000000000000000e+00,-5.805216298828125288e-01
-9.639073502633983548e-01,1.000000000000000000e+00,8.903350508871763491e-01,1.000000000000000000e+00,-4.794345869666258309e-02,9.999999999999998890e-01,-1.000000000000000000e+00
-9.597851767238358978e-01,1.000000000000000000e+00,1.000000000000000000e+00,1.000000000000000000e+00,-2.224762376857489579e-02,1.000000000000000000e+00,-8.006689288516640746e-01
-9.628216235802994349e-01,1.000000000000000000e+00,8.833409437021203514e-01,1.000000000000000000e+00,-1.000000000000000000e+00,1.000000000000000000e+00,-1.000000000000000000e+00
-1.000000000000000000e+00,7.238496070287724349e-01,-1.000000000000000000e+00,8.380360673727073051e-01,7.278010471041461704e-01,1.000000000000000000e+00,-1.000000000000000000e+00
-1.000000000000000000e+00,7.238496076808970114e-01,-1.000000000000000000e+00,8.356968854939808011e-01,7.315604827695689760e-01,1.000000000000000000e+00,-1.000000000000000000e+00
1.000000000000000000e+00,1.000000000000000000e+00,5.159810184382714882e-01,8.098936907111936589e-01,1.000000000000000000e+00,1.000000000000000000e+00,1.000000000000000000e+00
1.000000000000000000e+00,1.000000000000000000e+00,-1.000000000000000000e+00,1.000000000000000000e+00,1.000000000000000000e+00,1.000000000000000000e+00,1.000000000000000000e+00
-1.000000000000000000e+00,7.238496059843498864e-01,-6.759725320219979183e-01,1.000000000000000000e+00,-1.385757456470198268e-01,1.000000000000000000e+00,-1.000000000000000000e+00
-1.000000000000000000e+00,7.238496115096827443e-01,-6.776136753754434805e-01,1.000000000000000000e+00,-1.323906318870500254e-01,1.000000000000000000e+00,-1.000000000000000000e+00
1.000000000000000000e+00,1.000000000000000000e+00,-2.651472822869310186e-01,7.801702857467639474e-01,1.000000000000000000e+00,1.000000000000000000e+00,1.000000000000000000e+00
4.547481004384210101e-01,1.000000000000000000e+00,-6.168177861924526439e-01,1.000000000000000000e+00,1.000000000000000000e+00,1.000000000000000000e+00,-1.000000000000000000e+00
-7.413119237656481952e-02,1.000000000000000000e+00,-1.000000000000000000e+00,3.669926003001867665e-01,1.000000000000000000e+00,1.000000000000000000e+00,-1.000000000000000000e+00
1.000000000000000000e+00,1.000000000000000000e+00,-5.507776616111960122e-01,1.362001717597225714e-01,1.000000000000000000e+00,1.000000000000000000e+00,1.000000000000000000e+00
-9.539244999958187421e-01,1.000000000000000000e+00,-4.135883676165363898e-01,1.000000000000000000e+00,1.000000000000000000e+00,1.000000000000000000e+00,-1.000000000000000000e+00
1.000000000000000000e+00,1.000000000000000000e+00,-5.496684984984329114e-01,1.359809175027662798e-01,1.000000000000000000e+00,1.000000000000000000e+00,1.000000000000000000e+00
-1.000000000000000000e+00,1.000000000000000000e+00,5.057506379949476827e-01,1.000000000000000000e+00,-1.000000000000000000e+00,1.000000000000000000e+00,-1.000000000000000000e+00
-1.000000000000000000e+00,7.238496475594486945e-01,-1.112134573074362309e-01,1.000000000000000000e+00,-1.000000000000000000e+00,1.000000000000000000e+00,-1.000000000000000000e+00
-7.483180404312168854e-02,1.000000000000000000e+00,-1.000000000000000000e+00,3.669999896794088889e-01,1.000000000000000000e+00,1.000000000000000000e+00,-1.000000000000000000e+00
-1.000000000000000000e+00,1.000000000000000000e+00,4.013639815449382420e-01,1.000000000000000000e+00,-1.723898289544355256e-01,1.000000000000000000e+00,-1.000000000000000000e+00
-1.000000000000000000e+00,8.625834702092741724e-01,2.209020070524100876e-01,1.000000000000000000e+00,-1.000000000000000000e+00,1.000000000000000000e+00,-1.000000000000000000e+00
-7.674489496213586781e-01,1.000000000000000000e+00,3.777073856638717975e-01,1.000000000000000000e+00,1.000000000000000000e+00,1.000000000000000000e+00,1.000000000000000000e+00
-5.578933390157205657e-02,1.000000000000000000e+00,-9.211301568711407484e-01,1.000000000000000000e+00,1.000000000000000000e+00,1.000000000000000000e+00,-1.000000000000000000e+00
-1.000000000000000000e+00,1.000000000000000000e+00,7.239585134913589792e-01,1.000000000000000000e+00,5.549939166810405888e-01,1.000000000000000000e+00,-1.000000000000000000e+00
8.429473189701731650e-01,1.000000000000000000e+00,-1.000000000000000000e+00,8.551176374960375304e-01,1.000000000000000000e+00,1.000000000000000000e+00,-1.000000000000000000e+00
-7.343121599653021359e-02,1.000000000000000000e+00,-1.000000000000000000e+00,3.670003291297557757e-01,1.000000000000000000e+00,1.000000000000000000e+00,-1.000000000000000000e+00
4.392007153528460495e-01,1.000000000000000000e+00,2.159758285513596332e-01,1.000000000000000000e+00,1.000000000000000000e+00,1.000000000000000000e+00,9.999999999999998890e-01
-1.000000000000000000e+00,7.238496076818883296e-01,-1.000000000000000000e+00,6.934303564275067222e-01,-1.568999438092072429e-02,1.000000000000000000e+00,-1.000000000000000000e+00
-7.777095324993379410e-01,9.321159467276746158e-01,-1.000000000000000000e+00,3.786367805117994978e-01,1.000000000000000000e+00,1.000000000000000000e+00,-1.000000000000000000e+00
1.000000000000000000e+00,1.000000000000000000e+00,-9.941930893331939537e-03,-1.408786240466690654e-01,1.000000000000000000e+00,1.000000000000000000e+00,1.000000000000000000e+00
5.125362379647991906e-01,1.000000000000000000e+00,1.000000000000000000e+00,1.000000000000000000e+00,1.000000000000000000e+00,1.000000000000000000e+00,3.172980325760749176e-01
9.120431660796433082e-01,1.000000000000000000e+00,-1.000000000000000000e+00,3.666613288944129967e-01,1.000000000000000000e+00,1.000000000000000000e+00,-1.000000000000000000e+00
1.000000000000000000e+00,9.999999999999998890e-01,-8.321570654209672346e-01,4.429067391925383124e-01,1.000000000000000000e+00,1.000000000000000000e+00,-6.201599474233980835e-01
9.135929773429830592e-01,1.000000000000000000e+00,-1.000000000000000000e+00,3.670021196084184978e-01,1.000000000000000000e+00,1.000000000000000000e+00,-1.000000000000000000e+00
-7.596833245403781243e-01,1.000000000000000000e+00,7.832658683525903220e-02,1.000000000000000000e+00,1.000000000000000000e+00,1.000000000000000000e+00,-1.000000000000000000e+00
-1.000000000000000000e+00,7.840947793585935077e-01,-1.967765398750285777e-01,1.000000000000000000e+00,-1.028819909017113232e-01,1.000000000000000000e+00,-9.999999999999998890e-01
-1.000000000000000000e+00,7.238496075148278530e-01,-1.000000000000000000e+00,4.142328403564503048e-01,1.000000000000000000e+00,9.999999999999998890e-01,-9.999999999999998890e-01
-6.512499896095527152e-01,1.000000000000000000e+00,1.000000000000000000e+00,1.000000000000000000e+00,1.000000000000000000e+00,1.000000000000000000e+00,9.689248486446985220e-01
-1.000000000000000000e+00,1.000000000000000000e+00,5.139371675403874296e-01,1.000000000000000000e+00,1.000000000000000000e+00,1.000000000000000000e+00,1.925095034330609684e-03
-9.835034847585568674e-01,1.000000000000000000e+00,8.549856468859462488e-01,1.000000000000000000e+00,-2.246667597015591378e-01,1.000000000000000000e+00,-1.000000000000000000e+00
-4.770279716310510398e-01,1.000000000000000000e+00,-1.000000000000000000e+00,3.670017198921525781e-01,1.000000000000000000e+00,1.000000000000000000e+00,-1.000000000000000000e+00
-9.811348696313343387e-01,1.000000000000000000e+00,8.565503233432564256e-01,1.000000000000000000e+00,-2.389205910737856597e-01,1.000000000000000000e+00,-1.000000000000000000e+00
-1.000000000000000000e+00,7.238496072300053541e-01,-1.000000000000000000e+00,4.142363563003419458e-01,-8.237308235187079664e-01,1.000000000000000000e+00,-1.000000000000000000e+00
-1.000000000000000000e+00,7.238496068389261850e-01,-8.769668204015197421e-01,1.000000000000000000e+00,-8.339783053898338627e-01,1.000000000000000000e+00,-1.000000000000000000e+00
1.000000000000000000e+00,1.000000000000000000e+00,-9.388016581583957798e-02,9.999999999999998890e-01,1.000000000000000000e+00,9.999999999999998890e-01,-8.418525599479220745e-01
-9.999999999999998890e-01,7.238496076998212070e-01,-1.000000000000000000e+00,4.142290995399743880e-01,-5.347257611852700432e-01,1.000000000000000000e+00,-1.000000000000000000e+00
6.978962845253078306e-01,1.000000000000000000e+00,-2.951462705671101805e-01,1.000000000000000000e+00,1.000000000000000000e+00,1.000000000000000000e+00,-1.000000000000000000e+00
-1.000000000000000000e+00,9.880565890426470377e-01,1.892404215866622802e-02,1.000000000000000000e+00,2.517870394033076553e-01,1.000000000000000000e+00,-1.000000000000000000e+00
-9.999999999999998890e-01,7.238496070450159969e-01,-5.126258793610751763e-01,1.000000000000000000e+00,-1.000000000000000000e+00,1.000000000000000000e+00,-1.000000000000000000e+00
-1.000000000000000000e+00,7.238496070955727779e-01,-8.778832818783348646e-01,1.000000000000000000e+00,-8.303321442041911027e-01,1.000000000000000000e+00,-1.000000000000000000e+00
-9.999999999999998890e-01,7.238496074041012029e-01,-8.774579917455085365e-01,1.000000000000000000e+00,-8.319698558440529190e-01,1.000000000000000000e+00,-1.000000000000000000e+00
-1.000000000000000000e+00,7.238496071895687001e-01,-5.133259096381042053e-01,1.000000000000000000e+00,-1.000000000000000000e+00,1.000000000000000000e+00,-1.000000000000000000e+00
1.000000000000000000e+00,1.000000000000000000e+00,5.644268068850594178e-01,2.659600819425453344e-01,1.000000000000000000e+00,1.000000000000000000e+00,1.000000000000000000e+00
-6.101273683869884445e-01,9.782296490850431736e-01,-1.000000000000000000e+00,7.722882200315888124e-01,1.000000000000000000e+00,1.000000000000000000e+00,-1.000000000000000000e+00
-1.000000000000000000e+00,7.238496065682094027e-01,-1.000000000000000000e+00,7.244610311176613582e-01,4.028978380523012826e-01,1.000000000000000000e+00,-1.000000000000000000e+00
-1.000000000000000000e+00,7.238496067332311767e-01,-1.000000000000000000e+00,7.241675284892835629e-01,4.035356898451564756e-01,1.000000000000000000e+00,-1.000000000000000000e+00
-1.000000000000000000e+00,7.238496071170660295e-01,-1.000000000000000000e+00,4.142228811820639067e-01,1.017235751252960028e-02,1.000000000000000000e+00,-1.000000000000000000e+00
-1.000000000000000000e+00,7.238496081330720866e-01,-1.000000000000000000e+00,4.142208771447904447e-01,-2.629741846234276981e-01,1.000000000000000000e+00,-1.000000000000000000e+00
-1.000000000000000000e+00,7.238496073542807219e-01,-1.000000000000000000e+00,4.142199315002059734e-01,-2.622732406783002124e-01,1.000000000000000000e+00,-1.000000000000000000e+00
-9.999999999999998890e-01,7.238496074717308826e-01,-1.000000000000000000e+00,7.234967562979752742e-01,4.050275979388058278e-01,1.000000000000000000e+00,-1.000000000000000000e+00
-1.000000000000000000e+00,7.238496076833390580e-01,-1.000000000000000000e+00,4.142183641188220689e-01,-2.615718788828724217e-01,1.000000000000000000e+00,-1.000000000000000000e+00
-1.000000000000000000e+00,7.238496102532356868e-01,-1.000000000000000000e+00,5.677852303593846628e-01,-1.000000000000000000e+00,9.999999999999998890e-01,-1.000000000000000000e+00
-1.000000000000000000e+00,7.238496064097478255e-01,-1.000000000000000000e+00,4.142185302641029909e-01,-2.608715988411068332e-01,1.000000000000000000e+00,-1.000000000000000000e+00
-1.000000000000000000e+00,7.238496070125624016e-01,-1.000000000000000000e+00,4.142216543985426380e-01,1.087306435088890993e-02,1.000000000000000000e+00,-1.000000000000000000e+00
1.000000000000000000e+00,1.000000000000000000e+00,4.314030281763310271e-01,-3.672827786317831023e-01,1.000000000000000000e+00,1.000000000000000000e+00,1.000000000000000000e+00
-1.000000000000000000e+00,7.238496077807283768e-01,-1.000000000000000000e+00,4.142260471708542058e-01,-2.636758739649587291e-01,1.000000000000000000e+00,-1.000000000000000000e+00
-1.000000000000000000e+00,7.238496068684093787e-01,-1.000000000000000000e+00,4.142197391029253106e-01,9.472147245371806412e-03,1.000000000000000000e+00,-1.000000000000000000e+00
-1.000000000000000000e+00,7.238496059576069452e-01,-1.000000000000000000e+00,8.555825859967549629e-01,-1.000000000000000000e+00,1.000000000000000000e+00,-1.000000000000000000e+00
-1.000000000000000000e+00,7.238496076139983026e-01,-9.999999999999998890e-01,8.548822875784931608e-01,-1.000000000000000000e+00,1.000000000000000000e+00,-1.000000000000000000e+00
-1.000000000000000000e+00,7.238496081651367708e-01,-1.000000000000000000e+00,4.142221917314912183e-01,8.770989744121869894e-03,1.000000000000000000e+00,-1.000000000000000000e+00
2.935169036213816085e-01,1.000000000000000000e+00,-1.000000000000000000e+00,3.669918843949744880e-01,1.000000000000000000e+00,1.000000000000000000e+00,-1.000000000000000000e+00
-4.715471466039717341e-01,1.000000000000000000e+00,-5.440671904383204138e-01,1.000000000000000000e+00,1.000000000000000000e+00,9.999999999999998890e-01,-1.000000000000000000e+00
1.000000000000000000e+00,1.000000000000000000e+00,8.144227693447787519e-01,-5.638099093642112702e-01,1.000000000000000000e+00,1.000000000000000000e+00,1.000000000000000000e+00
9.548169231328271778e-01,1.000000000000000000e+00,-5.425307878614807899e-01,1.000000000000000000e+00,1.000000000000000000e+00,1.000000000000000000e+00,1.000000000000000000e+00
5.256186308769214000e-01,1.000000000000000000e+00,-1.000000000000000000e+00,4.931806985133262988e-01,1.000000000000000000e+00,1.000000000000000000e+00,-1.000000000000000000e+00
1.000000000000000000e+00,1.000000000000000000e+00,1.000000000000000000e+00,1.434146173332757901e-01,1.000000000000000000e+00,1.000000000000000000e+00,1.000000000000000000e+00
-1.000000000000000000e+00,8.785024468381251728e-01,-9.083168955091239782e-01,1.000000000000000000e+00,1.000000000000000000e+00,1.000000000000000000e+00,-1.000000000000000000e+00
-9.999999999999998890e-01,7.238496066456866496e-01,-8.561189547755012619e-01,1.000000000000000000e+00,4.601853081642598431e-01,1.000000000000000000e+00,-1.000000000000000000e+00
-9.999999999999998890e-01,7.238496067575004300e-01,-8.566235780803670430e-01,1.000000000000000000e+00,4.618111145850497534e-01,1.000000000000000000e+00,-1.000000000000000000e+00
-1.000000000000000000e+00,1.000000000000000000e+00,3.355887362983028255e-01,1.000000000000000000e+00,7.086794256017024951e-01,1.000000000000000000e+00,-1.000000000000000000e+00
-1.000000000000000000e+00,7.238496072105419232e-01,-5.261154861695456209e-01,1.000000000000000000e+00,3.554758466285259239e-02,1.000000000000000000e+00,-1.000000000000000000e+00
-1.000000000000000000e+00,1.000000000000000000e+00,7.662907041527441399e-01,1.000000000000000000e+00,1.000000000000000000e+00,1.000000000000000000e+00,6.421642525360372611e-01
-1.322437280363361611e-01,1.000000000000000000e+00,-1.178253629165910144e-01,1.000000000000000000e+00,1.000000000000000000e+00,1.000000000000000000e+00,-1.000000000000000000e+00
1.000000000000000000e+00,1.000000000000000000e+00,1.639167123450350483e-01,2.222516773096650522e-01,1.000000000000000000e+00,1.000000000000000000e+00,1.000000000000000000e+00
7.448195852972050446e-01,1.000000000000000000e+00,6.957110740545817684e-01,1.000000000000000000e+00,1.000000000000000000e+00,1.000000000000000000e+00,1.000000000000000000e+00
-1.000000000000000000e+00,9.821874084749989686e-01,6.037710452005102570e-03,1.000000000000000000e+00,-5.600260730357949912e-01,1.000000000000000000e+00,-1.000000000000000000e+00
-1.000000000000000000e+00,7.238496069180258008e-01,-1.000000000000000000e+00,7.551446619754322853e-01,-3.699973370187595867e-01,1.000000000000000000e+00,-1.000000000000000000e+00
-1.000000000000000000e+00,1.000000000000000000e+00,-5.360072110755308150e-02,1.000000000000000000e+00,1.000000000000000000e+00,1.000000000000000000e+00,-1.000000000000000000e+00
2.942171286055539903e-01,1.000000000000000000e+00,-1.000000000000000000e+00,3.670013563104291276e-01,1.000000000000000000e+00,1.000000000000000000e+00,-1.000000000000000000e+00
-1.000000000000000000e+00,7.238496075205783642e-01,-1.000000000000000000e+00,7.556984943843698677e-01,-3.704270926957924925e-01,1.000000000000000000e+00,-1.000000000000000000e+00
-1.000000000000000000e+00,1.000000000000000000e+00,6.831642860840017040e-01,1.000000000000000000e+00,-5.159680046703037926e-01,1.000000000000000000e+00,-1.000000000000000000e+00
1.000000000000000000e+00,1.000000000000000000e+00,-1.000000000000000000e+00,3.668732179968633433e-01,1.000000000000000000e+00,1.000000000000000000e+00,1.000000000000000000e+00
-9.999999999999998890e-01,7.238496066503419257e-01,-8.920844689941764827e-01,1.000000000000000000e+00,5.025168235260579763e-01,1.000000000000000000e+00,-1.000000000000000000e+00
-1.000000000000000000e+00,1.000000000000000000e+00,6.734782834962421694e-01,1.000000000000000000e+00,1.000000000000000000e+00,1.000000000000000000e+00,-1.000000000000000000e+00
-7.537829368783497408e-01,1.000000000000000000e+00,1.000000000000000000e+00,1.000000000000000000e+00,3.721041143329973933e-01,1.000000000000000000e+00,-6.700690132048070513e-01
-9.999999999999998890e-01,7.238496084830130517e-01,-2.481103966131424921e-01,1.000000000000000000e+00,-1.000000000000000000e+00,1.000000000000000000e+00,-1.000000000000000000e+00
-9.999999999999998890e-01,7.238496071469321391e-01,-8.919744754239224971e-01,1.000000000000000000e+00,5.018239772081041217e-01,1.000000000000000000e+00,-1.000000000000000000e+00
1.000000000000000000e+00,1.000000000000000000e+00,-9.687482573890471294e-01,3.514111033632271730e-01,1.000000000000000000e+00,1.000000000000000000e+00,-5.519396077745076790e-01
-1.000000000000000000e+00,7.238496069383864029e-01,-8.924918309315746923e-01,1.000000000000000000e+00,5.030864835023294290e-01,1.000000000000000000e+00,-1.000000000000000000e+00
-1.000000000000000000e+00,7.238496062522594698e-01,-1.000000000000000000e+00,4.142198487493821135e-01,4.787202398547893978e-01,1.000000000000000000e+00,-1.000000000000000000e+00
1.000000000000000000e+00,1.000000000000000000e+00,8.137799444610730459e-01,-5.635317631011379502e-01,1.000000000000000000e+00,1.000000000000000000e+00,1.000000000000000000e+00
1.000000000000000000e+00,1.000000000000000000e+00,8.131846740240312732e-01,-5.631611411368347975e-01,1.000000000000000000e+00,1.000000000000000000e+00,1.000000000000000000e+00
1.180770413504434596e-01,1.000000000000000000e+00,-1.000000000000000000e+00,7.329579613357293244e-01,1.000000000000000000e+00,1.000000000000000000e+00,-1.000000000000000000e+00
-1.000000000000000000e+00,7.238496143990952314e-01,-8.928040010296939277e-01,1.000000000000000000e+00,5.037136042262371216e-01,1.000000000000000000e+00,-1.000000000000000000e+00
-1.000000000000000000e+00,7.951149242986644827e-01,-1.749342875889886018e-01,1.000000000000000000e+00,5.722999366093922680e-01,1.000000000000000000e+00,-1.000000000000000000e+00
-9.999999999999998890e-01,7.238495927754781123e-01,-1.000000000000000000e+00,4.142003871628243683e-01,2.460741395400747600e-01,1.000000000000000000e+00,-1.000000000000000000e+00
-1.000000000000000000e+00,7.238495942802566363e-01,-1.000000000000000000e+00,4.142330247346502903e-01,4.780193194175971771e-01,1.000000000000000000e+00,-1.000000000000000000e+00
-1.000000000000000000e+00,7.238496107275702585e-01,-1.000000000000000000e+00,4.142467645924662323e-01,7.144295414579479031e-01,1.000000000000000000e+00,-1.000000000000000000e+00
1.000000000000000000e+00,9.999999999999998890e-01,-8.320368125027991502e-01,2.803916892936395566e-01,9.999999999999998890e-01,1.000000000000000000e+00,-1.296183136182043338e-01
1.000000000000000000e+00,1.000000000000000000e+00,-9.055382183775765315e-01,3.187864101583879339e-01,1.000000000000000000e+00,1.000000000000000000e+00,-4.525430960030975974e-02
-1.000000000000000000e+00,7.238496109707649451e-01,2.168476815401843005e-02,1.000000000000000000e+00,-1.000000000000000000e+00,1.000000000000000000e+00,-1.000000000000000000e+00
1.000000000000000000e+00,1.000000000000000000e+00,-8.240279402320059843e-01,7.502188061893121374e-01,1.000000000000000000e+00,1.000000000000000000e+00,-2.621644074895956508e-02
1.000000000000000000e+00,1.000000000000000000e+00,-1.000000000000000000e+00,3.671077924903886625e-01,1.000000000000000000e+00,1.000000000000000000e+00,9.993393972833315431e-01
-1.000000000000000000e+00,7.238496106815327513e-01,-1.000000000000000000e+00,4.141681257020476958e-01,4.773217872617200319e-01,1.000000000000000000e+00,-1.000000000000000000e+00
-4.960544778020838375e-01,1.000000000000000000e+00,-1.000000000000000000e+00,1.000000000000000000e+00,1.000000000000000000e+00,1.000000000000000000e+00,-1.000000000000000000e+00
-1.000000000000000000e+00,7.238496028673807592e-01,-1.000000000000000000e+00,4.142659116551874465e-01,4.794191978970301360e-01,1.000000000000000000e+00,-1.000000000000000000e+00
-1.000000000000000000e+00,7.238495995328702026e-01,-1.000000000000000000e+00,4.141995531056954505e-01,2.467750685882649786e-01,1.000000000000000000e+00,-1.000000000000000000e+00
-1.000000000000000000e+00,7.238495982841306464e-01,-1.000000000000000000e+00,7.285883574686999875e-01,1.000000000000000000e+00,1.000000000000000000e+00,-1.000000000000000000e+00
-1.000000000000000000e+00,7.238496085434941163e-01,-1.000000000000000000e+00,4.142732595273532215e-01,2.453770864462114787e-01,1.000000000000000000e+00,-1.000000000000000000e+00
-9.999996841720931728e-01,7.238495803272017026e-01,-1.000000000000000000e+00,7.278876822390668577e-01,1.000000000000000000e+00,1.000000000000000000e+00,-9.999997660264510202e-01
-9.999999999999997780e-01,7.238495910772763109e-01,-7.559589904380634717e-01,1.000000000000000000e+00,-4.327135732685389313e-01,1.000000000000000000e+00,-1.000000000000000000e+00
-9.999999999999998890e-01,7.238495992074996943e-01,-7.556967922460974263e-01,1.000000000000000000e+00,-4.333630721598608071e-01,1.000000000000000000e+00,-1.000000000000000000e+00
-1.000000000000000000e+00,7.238496016589108795e-01,-7.554064851459795227e-01,1.000000000000000000e+00,-4.340009946846246081e-01,1.000000000000000000e+00,-1.000000000000000000e+00
-9.490076513699555183e-02,1.000000000000000000e+00,4.548085635102213642e-01,1.000000000000000000e+00,1.000000000000000000e+00,1.000000000000000000e+00,1.000000000000000000e+00
-9.999999999999998890e-01,7.238496049547052946e-01,-7.560698582836857806e-01,1.000000000000000000e+00,-4.320211169070249935e-01,1.000000000000000000e+00,-1.000000000000000000e+00
-1.000000000000000000e+00,7.238496075428949572e-01,-7.552704441931580304e-01,1.000000000000000000e+00,-4.346895347937771437e-01,1.000000000000000000e+00,-1.000000000000000000e+00
1.000000000000000000e+00,1.000000000000000000e+00,-1.235295730385511936e-01,1.000000000000000000e+00,1.000000000000000000e+00,1.000000000000000000e+00,1.000000000000000000e+00
1.000000000000000000e+00,1.000000000000000000e+00,-4.043167378557549485e-01,6.133245174717759374e-02,1.000000000000000000e+00,1.000000000000000000e+00,1.000000000000000000e+00
-1.000000000000000000e+00,7.238496185239160496e-01,-1.000000000000000000e+00,4.141804739345509856e-01,4.801142351939000075e-01,1.000000000000000000e+00,-1.000000000000000000e+00
-1.920680826639152572e-01,1.000000000000000000e+00,-1.000000000000000000e+00,3.669905971519763499e-01,1.000000000000000000e+00,1.000000000000000000e+00,-1.000000000000000000e+00
9.695844187011718462e-01,1.000000000000000000e+00,-1.000000000000000000e+00,1.000000000000000000e+00,1.000000000000000000e+00,1.000000000000000000e+00,-1.000000000000000000e+00
-1.000000000000000000e+00,7.238496240895225808e-01,-1.000000000000000000e+00,4.142908740303302695e-01,4.766321270481566619e-01,1.000000000000000000e+00,-1.000000000000000000e+00
-1.913674575909587172e-01,1.000000000000000000e+00,-1.000000000000000000e+00,3.670193148954011830e-01,1.000000000000000000e+00,1.000000000000000000e+00,-1.000000000000000000e+00
-1.000000000000000000e+00,7.238496213937707369e-01,-3.635198566813360177e-01,9.999999999999998890e-01,2.574177740181517460e-01,1.000000000000000000e+00,-9.999999999999998890e-01
-9.999999999999997780e-01,7.238496140050093564e-01,-1.000000000000000000e+00,8.709690396583664729e-01,8.492524731942296956e-02,1.000000000000000000e+00,-1.000000000000000000e+00
-9.061249801913944246e-01,1.000000000000000000e+00,9.677110988279762349e-01,1.000000000000000000e+00,-1.000000000000000000e+00,1.000000000000000000e+00,-1.000000000000000000e+00
-1.000000000000000000e+00,1.000000000000000000e+00,8.058146830091889035e-01,1.000000000000000000e+00,-1.000000000000000000e+00,1.000000000000000000e+00,-1.000000000000000000e+00
-9.999999999999998890e-01,7.238495993367958237e-01,-5.816614209784315426e-01,1.000000000000000000e+00,1.000000000000000000e+00,1.000000000000000000e+00,-1.000000000000000000e+00
-9.492057012941280680e-01,7.853686264163330932e-01,-1.000000000000000000e+00,4.036829390735549583e-01,1.000000000000000000e+00,1.000000000000000000e+00,-1.000000000000000000e+00
8.819783928646628135e-02,1.000000000000000000e+00,-6.753508241048429284e-01,1.000000000000000000e+00,1.000000000000000000e+00,1.000000000000000000e+00,-1.000000000000000000e+00
-1.000000000000000000e+00,7.238495946996709174e-01,2.256064006166057234e-01,1.000000000000000000e+00,-1.000000000000000000e+00,1.000000000000000000e+00,-1.000000000000000000e+00
-1.000000000000000000e+00,7.238496168160619693e-01,-5.823621465912560691e-01,1.000000000000000000e+00,1.000000000000000000e+00,1.000000000000000000e+00,-1.000000000000000000e+00
1.000000000000000000e+00,1.000000000000000000e+00,-6.613243275165291424e-01,1.930620723847484566e-01,1.000000000000000000e+00,1.000000000000000000e+00,9.123190924654142053e-01
-9.486083908348800220e-01,7.850114271284835965e-01,-1.000000000000000000e+00,4.037633766081452080e-01,9.999999999999998890e-01,9.999999999999998890e-01,-1.000000000000000000e+00
6.711678360457601356e-01,1.000000000000000000e+00,-1.000000000000000000e+00,7.506760052113415904e-01,1.000000000000000000e+00,1.000000000000000000e+00,-1.000000000000000000e+00
1.000000000000000000e+00,1.000000000000000000e+00,-6.960749349416323062e-01,1.000000000000000000e+00,1.000000000000000000e+00,1.000000000000000000e+00,6.245222661615952298e-01
1.000000000000000000e+00,1.000000000000000000e+00,-6.657762863237911555e-01,1.000000000000000000e+00,1.000000000000000000e+00,1.000000000000000000e+00,-6.649898689219883030e-01
1.000000000000000000e+00,1.000000000000000000e+00,-6.961459781279485393e-01,2.111056243068717975e-01,1.000000000000000000e+00,1.000000000000000000e+00,1.000000000000000000e+00
1.000000000000000000e+00,1.000000000000000000e+00,-6.839063334960628904e-01,2.048487217918574799e-01,1.000000000000000000e+00,1.000000000000000000e+00,9.702894353409148298e-01
1.000000000000000000e+00,1.000000000000000000e+00,-1.224318892865045028e-01,2.591328272340728822e-01,1.000000000000000000e+00,1.000000000000000000e+00,1.000000000000000000e+00
-1.000000000000000000e+00,1.000000000000000000e+00,5.842208476036926390e-01,1.000000000000000000e+00,1.000000000000000000e+00,1.000000000000000000e+00,4.273444815743437930e-01
4.431048829773411718e-02,1.000000000000000000e+00,-1.000000000000000000e+00,3.669973214543222340e-01,1.000000000000000000e+00,1.000000000000000000e+00,-1.000000000000000000e+00
-1.000000000000000000e+00,8.910423661977132648e-01,3.020301234871043405e-01,1.000000000000000000e+00,-1.000000000000000000e+00,1.000000000000000000e+00,-1.000000000000000000e+00
-1.000000000000000000e+00,7.238496147440046657e-01,-4.580571022607177190e-01,1.000000000000000000e+00,-4.358612359297176497e-01,1.000000000000000000e+00,-9.999999999999998890e-01
1.000000000000000000e+00,1.000000000000000000e+00,2.399921529521691632e-01,1.000000000000000000e+00,1.000000000000000000e+00,1.000000000000000000e+00,1.000000000000000000e+00
-1.000000000000000000e+00,1.000000000000000000e+00,5.609010506879068547e-01,1.000000000000000000e+00,-8.286336124173935280e-01,1.000000000000000000e+00,-1.000000000000000000e+00
-1.000000000000000000e+00,1.000000000000000000e+00,2.844223286406696305e-01,1.000000000000000000e+00,1.000000000000000000e+00,1.000000000000000000e+00,-5.367849175721160077e-02
-9.999999999999998890e-01,7.238496026979953646e-01,-1.000000000000000000e+00,6.066439660743919715e-01,-5.892798627453780247e-01,1.000000000000000000e+00,-1.000000000000000000e+00
1.000000000000000000e+00,1.000000000000000000e+00,-4.049033321420015263e-01,6.171586239468914575e-02,1.000000000000000000e+00,1.000000000000000000e+00,1.000000000000000000e+00
-1.000000000000000000e+00,9.482320842778261261e-01,4.515317303363028389e-01,1.000000000000000000e+00,-1.000000000000000000e+00,1.000000000000000000e+00,-1.000000000000000000e+00
-1.000000000000000000e+00,7.242165918979701633e-01,2.250094999581799260e-01,1.000000000000000000e+00,-1.000000000000000000e+00,1.000000000000000000e+00,-1.000000000000000000e+00
