-2.490250696378829787e+00,-9.122677041738036507e-02,4.426131511528605955e+00,-2.049312917806670242e+00,-1.869932979259339545e+00,-5.888167272371482977e+04,-4.381183272762851557e+05,-1.414796569875117205e-01,-7.165933308154235348e-01
-1.732717774268010658e+00,1.542857142857148034e-01,5.872215709261432437e+00,-1.724348063950813525e+00,-1.969999999999999529e+00,-2.096972409238759064e+04,-4.760302759076124057e+05,-1.580143316905124884e-01,-1.545452726853634884e+00
-6.159339433162180910e-02,-3.682500000000000995e+00,9.867549668874140423e-01,-1.328134715679079036e+00,-2.839999999999998970e+00,-2.199325221200969099e+04,-4.750067477879903163e+05,-1.402242827816635451e-01,-1.459425350583707370e+00
-3.423442813481985425e+00,-1.486666666666666359e+00,6.363920750782064317e+00,-1.311312214193385728e+00,-3.709999999999999964e+00,-2.619947520260624151e+04,-4.708005247973937658e+05,-1.610568378121239042e-01,1.390001992248199647e+00
1.399465072372567676e-01,-6.723000000000000753e+00,-2.642292490118578030e+00,-2.991356233987598756e-01,-4.579999999999999183e+00,-2.223465353995466285e+04,-4.747653464600453153e+05,-1.226901781894771115e-01,1.547725607759501854e+00
-1.420429445631313570e+00,3.362903225806448404e+00,2.380281690140844120e+00,-1.482795813547989283e+00,1.270000000000000684e+00,-3.823987485797492991e+04,-4.587601251420250628e+05,-1.478056127242397821e-01,-3.302136219027579589e+00
-1.384942826141390526e+00,-1.345833333333333215e+00,-1.413237924865832440e+00,-1.482129766248672098e-01,3.999999999999996891e-01,-3.005140858458330331e+04,-4.669485914154166821e+05,-1.304353231580539230e-01,-7.780433362510206230e-01
1.117735280087726935e+00,-1.854502241636204474e+00,-5.528951912863746543e+00,3.769658842850311942e-01,2.610000000000002096e+00,-3.009680506881166366e+04,-4.669031949311883654e+05,-1.118801043852718780e-01,-4.003243638026778406e+00
2.983864139823300121e-02,-4.171674463004146460e+00,-2.527249060937396763e+00,-5.923057751054052744e-01,-1.459807911312323681e+00,-4.012755621618853183e+04,-4.568724437838114682e+05,-1.172639738607256787e-01,-1.008160292108054357e+00
3.323285573241641089e-02,-2.240158172187229013e+00,-2.536614309881670692e+00,-6.240930105038504649e-01,4.338208966080536744e-01,-4.048805828636760998e+04,-4.565119417136323755e+05,-1.202622925282959276e-01,-2.413621271878640506e+00
3.169804786113186168e-01,2.221391059378987620e-01,-3.338262658449119513e+00,-2.880271188954530714e-02,2.576279870703982233e+00,-3.407393440686805116e+04,-4.629260655931319343e+05,-1.016676782882366958e-01,-3.959491625197566478e+00
-1.521201347852514374e-01,-3.643045643485836038e+00,-3.341658652893636727e+00,-3.545697944007049074e-01,-2.915708255101463475e-01,-3.749647128120382695e+04,-4.595035287187961512e+05,-1.211252895654394979e-01,-9.701562581991631795e-01
-2.218341614124188510e+00,1.898010902035451863e-02,2.076288677919556847e+00,-8.548354908449411482e-01,-4.929340899883107863e-01,-4.316750758305532509e+04,-4.538324924169447040e+05,-1.419026954481080460e-01,-8.731897822247165486e-01
-1.020011927407003860e+00,-7.118903439888537577e-01,1.940478793795286094e-01,-1.184972108523989931e+00,-1.506368239705180301e-03,-4.719617487654533761e+04,-4.498038251234546769e+05,-1.666053387032182531e-01,-1.981154564701661069e+00
-2.527757968803037159e-01,-3.531348234840397282e+00,-3.609460821058608104e+00,1.687035842336808145e-01,-1.220158273617100164e-03,-3.033041669290530263e+04,-4.666695833070946974e+05,-1.473379887199254556e-01,-8.103940971660248405e-01
-2.419660930596911896e-02,-3.450964656915667561e+00,-3.510126735084490690e+00,4.950713616338475731e-03,-9.883282016402983317e-04,-3.099748682146031933e+04,-4.660025131785396952e+05,-1.471881648415502564e-01,-1.229471815941001189e+00
-6.253304210347820913e-02,-3.632982441326209511e+00,-3.750673586261548564e+00,3.240741836210148108e-02,-8.005458433248957562e-04,-3.116091621996845788e+04,-4.658390837800315348e+05,-1.461681690995110527e-01,-1.019098327662696590e+00
1.055086464599419571e-02,-3.767185488771653823e+00,-3.932654058704967426e+00,-3.151066574908156781e-03,-6.484421331236500663e-04,-3.130846837137945840e+04,-4.656915316286205198e+05,-1.449670342480721130e-01,-1.021612983643376715e+00
-8.651786459950896457e-01,-8.980618927429020459e-01,-5.773509375735841331e-02,-1.383336736462863925e+00,-5.252381278324502745e-04,-4.972996646822889306e+04,-4.472700335317710997e+05,-1.544542001246930751e-01,-2.105296224227401147e+00
1.105529031113254845e-01,-4.194909729721127079e+00,-4.538677181252323223e+00,-1.636075926340652131e-02,-4.254428835295254174e-04,-2.792629886757728673e+04,-4.690737011324227205e+05,-1.383308187958181001e-01,-7.571154352527251774e-01
2.761880534496441442e-03,-4.092610808965515545e+00,-4.398041835339459027e+00,-2.617401317248635451e-03,-3.446087356511196020e-04,-2.819326092893449822e+04,-4.688067390710655018e+05,-1.395604072850999133e-01,-6.849641414497711356e-01
-2.864287383253838470e-03,-4.109855728343303483e+00,-4.420026174397339247e+00,5.278184646257955137e-04,-2.791330758735721673e-04,-2.828774874303844990e+04,-4.687122512569615501e+05,-1.395345617503630786e-01,-6.650789266719741022e-01
-5.095578159688862740e-03,-4.107370554211966507e+00,-4.413192857031713601e+00,4.632864335949449242e-04,-2.260977914587680715e-04,-2.866083023738118573e+04,-4.683391697626188397e+05,-1.399074920971074554e-01,-6.701962149881512953e-01
-8.145468456763893528e-04,-4.109585588734649519e+00,-4.411592695377372308e+00,-6.256898875598437826e-04,-1.831392110840379672e-04,-2.916093379549589736e+04,-4.678390662045041099e+05,-1.403455671889317358e-01,-6.831333550944731492e-01
-8.498462953639718265e-01,-9.290752317576362884e-01,-1.000398260976851361e-01,-1.329278590693304452e+00,-1.486645094981309256e-04,-4.903091381564346375e+04,-4.479690861843565363e+05,-1.212498081088920487e-01,-2.105575955269664234e+00
7.687129946666626523e-02,-2.877247359121872350e+00,-2.716852114508697014e+00,-1.162894536262317757e-01,-1.201576364031620159e-04,-3.497265270808452624e+04,-4.620273472919154447e+05,-1.534577805240897319e-01,-2.015281524213827780e+00
-1.534089303104391178e-02,-3.439651151134018647e+00,-3.472298893740317638e+00,-1.988263065392192885e-01,-9.732768542458636318e-05,-3.583419847569190460e+04,-4.611658015243081027e+05,-1.494546234085940839e-01,-1.324017681406111979e+00
6.908731759354491686e-02,-4.133357184124797357e+00,-4.524755212945665406e+00,-1.518007863565351556e-02,-7.883542537068244371e-05,-2.191235112108261455e+04,-4.750876488789173891e+05,-1.215539466055476359e-01,-6.259973643267995325e-01
-9.488174926728376590e-04,-4.087849555865787465e+00,-4.468111129732518449e+00,-4.117005704644682851e-03,-6.385669452124709267e-05,-2.152859109498707403e+04,-4.754714089050129405e+05,-1.241702266109847852e-01,-5.569236774341363994e-01
-2.223373295911379444e-02,-2.640106633774269795e+00,-2.398430491117203189e+00,-8.588164371784881013e-01,-5.172392253238733417e-05,-4.321470925456655823e+04,-4.537852907454334199e+05,-1.079377196754015278e-01,-2.094549441062797612e+00
-1.686620874019277849e-01,-2.328238008188087349e+00,-1.979549782753519338e+00,-1.013294795859977171e+00,-4.189637720197758597e-05,-4.507217739470684319e+04,-4.519278226052931277e+05,-1.571049040233709893e-01,-2.105655278099297867e+00
1.370853128558469081e-02,-4.066273420531272720e+00,-4.334881738162948750e+00,1.756832498244520480e-02,-3.393606559742856632e-05,-3.108538135225907172e+04,-4.659146186477409210e+05,-1.017496490336454729e-01,-7.774073475516289911e-01
7.014832306232676729e-03,-4.082981435225944367e+00,-4.339348710562212830e+00,3.517376013217443642e-03,-2.748821309128679502e-05,-3.338621240790222510e+04,-4.636137875920977676e+05,-1.215537171276430684e-01,-7.880128836591449026e-01
-7.163237390059862264e-04,-4.069268732429490498e+00,-4.321559614993692122e+00,-2.495587600463977651e-04,-2.226545260941570348e-05,-3.334654642528503609e+04,-4.636534535747149494e+05,-1.214205398867966856e-01,-7.864519995001006958e-01
-8.450128216478365317e-01,-9.388372939231146574e-01,-1.133762367684383321e-01,-1.351162407160606094e+00,-1.803501658304007549e-05,-4.931312890228140168e+04,-4.476868710977185983e+05,-1.361916263308892705e-01,-2.105673003681471478e+00
-2.067605784810133684e-03,-4.109122723925747067e+00,-4.449218972470454503e+00,8.293511717578638809e-04,-1.460836344224780703e-05,-2.539675515135451496e+04,-4.716032448486454668e+05,-1.351941089012629327e-01,-6.152213884625112872e-01
-4.288109728891598138e-04,-4.109506746930025045e+00,-4.449655721203550129e+00,-1.548367746408985113e-04,-1.183277438232543943e-05,-2.541240331020150552e+04,-4.715875966897985199e+05,-1.354559021427707843e-01,-6.174081089385323740e-01
-1.956852913652440407e-03,-2.922977371810148384e+00,-2.778439076593254953e+00,-7.248560214335739715e-01,-9.584547316476843548e-06,-4.164455924768518889e+04,-4.553554407523148111e+05,-1.227959948593282113e-01,-1.854608378349675846e+00
2.297536135154487624e-03,-4.069048690893048104e+00,-4.353886955013697602e+00,-1.322203110785125091e-04,-7.763483323541819914e-06,-2.954828569990590768e+04,-4.674517143000941142e+05,-1.165072615588987892e-01,-7.282786896076685057e-01
-0.000000000000000000e+00,-3.450471631826047769e+00,-3.680236763708283121e+00,-5.521566520068432737e-02,-6.288421615208150683e-06,-1.802824162557569070e+04,-4.789717583744243020e+05,-1.322299379746567916e-01,-9.257161058193223990e-01
-1.689644081947605514e-03,-4.106479809036937212e+00,-4.378881105248263239e+00,-6.863284241394040919e-04,-5.093621399110404013e-06,-3.244559999374303879e+04,-4.645544000062569394e+05,-1.432309895267108169e-01,-7.383736481167637589e-01
-1.179242626895060653e-03,-3.904983131698481102e+00,-4.097452544078292291e+00,-8.806854165538879897e-02,-4.125833341417362021e-06,-3.468112622187094530e+04,-4.623188737781290547e+05,-1.103016298728214384e-01,-9.372945313386620292e-01
-3.637114860380838977e-01,-1.927518710947110137e+00,-1.441373346379975828e+00,-1.063422000080475271e+00,-3.341924922350969496e-06,-4.568581094517091697e+04,-4.513141890548290685e+05,-1.137980685787092494e-01,-2.105683918549563494e+00
4.166849830030905366e-03,-2.683222069357016792e+00,-2.456415962255192653e+00,-1.822631542254615766e-01,-2.706959167708689051e-06,-3.566023650381564948e+04,-4.613397634961843723e+05,-1.547738699883630109e-01,-2.060402301669420844e+00
-0.000000000000000000e+00,-2.800457198706078898e+00,-2.882887005286733029e+00,-7.999665917183129693e-02,-2.192637169384781259e-06,-1.502328072025566871e+04,-4.819767192797443131e+05,-1.306413928357583742e-01,-1.283917828987536813e+00
-7.643527094785191878e-01,-1.104510394969418385e+00,-3.359320202176796499e-01,-1.339980188970818276e+00,-1.776035941203346624e-06,-4.916879070225804026e+04,-4.478312092977419379e+05,-1.637046425806271133e-01,-2.105685081781378365e+00
-1.909414808070941660e-03,-2.704658506204237867e+00,-2.485210743609158612e+00,-7.430472928640803332e-01,-1.438589109836740931e-06,-4.185558529213494330e+04,-4.551444147078650421e+05,-1.546298906075422863e-01,-2.062957793990137567e+00
-2.549475053061023289e-03,-3.411815389122178743e+00,-3.435046228012639702e+00,-3.928526129544351875e-01,-1.165257203394887142e-06,-3.791245900053111109e+04,-4.590875409994688816e+05,-1.067118894165686449e-01,-1.384625638091454114e+00
7.684296285948022387e-05,-4.055220192323064410e+00,-4.340517127372269357e+00,-2.180764513752819767e-04,-9.438583148391188615e-07,-2.899835126905797370e+04,-4.680016487309420481e+05,-1.113103014632517429e-01,-7.268433904052746808e-01
-6.326462867267679258e-05,-4.054478743522956563e+00,-4.339908465073019528e+00,-2.009552141046810902e-05,-7.645252100285659935e-07,-2.895593345938733910e+04,-4.680440665406126645e+05,-1.109173632371685536e-01,-7.265340234642656547e-01
-8.861528117462995624e-01,-8.543043248568853443e-01,1.364088405573227192e-04,-1.348463235530637405e+00,-6.192654324888025030e-07,-4.927826325055348570e+04,-4.477217367494464852e+05,-1.217744453617254918e-01,-2.105685941096612446e+00
-8.861150148832690476e-01,-8.570785215572627180e-01,3.212048492073904526e-05,-1.348379010694182867e+00,-2.099835879426192875e-03,-4.927717556228146714e+04,-4.477228244377185474e+05,-1.217739013471511866e-01,-2.104126523040503294e+00
-8.861030919847712184e-01,-8.598016196026279090e-01,-7.769403964630328119e-07,-1.348308356035255784e+00,-4.201458964454785061e-03,-4.927626313273304550e+04,-4.477237368672669400e+05,-1.217737297385796114e-01,-2.102565317320196137e+00
2.146099474460427814e-04,-4.062194881069830288e+00,-4.391141529196465498e+00,1.349097279010891270e-04,-3.251230509260238932e-07,-2.499013834902503368e+04,-4.720098616509749554e+05,-1.109974612914513548e-01,-6.479284053842937485e-01
-1.947110227744630606e-04,-4.062999592252678482e+00,-4.391824163159713024e+00,-3.963086779634750201e-06,-2.587243705942654515e-07,-2.502617598229247596e+04,-4.719738240177075495e+05,-1.115975026658506675e-01,-6.473669961163290854e-01
1.036367102396518192e-03,-2.741170507840726245e+00,-2.534254561696013042e+00,-8.316170681392094366e-01,-2.160976435572337095e-07,-4.289287171144033346e+04,-4.541071282885596738e+05,-1.180710913527021622e-01,-2.041008452130153472e+00
-2.146261380620018144e-05,-2.740345764693300268e+00,-2.533146849526133337e+00,-8.312291551641575182e-01,-1.748587254990496831e-07,-4.288829293582966056e+04,-4.541117070641703322e+05,-1.179732554838995584e-01,-2.039669853302289670e+00
-8.869756698873239031e-01,-8.526133768675432378e-01,2.406822720704582252e-03,-1.363315473805579714e+00,-1.417331219055739666e-07,-4.947031086744053755e+04,-4.475296891325594625e+05,-1.301537352459628816e-01,-2.105686295834900967e+00
2.100634629239372941e-03,-3.912271595263540291e+00,-4.250634237004144111e+00,-1.289562283037781754e-04,-1.076799225341318333e-07,-2.033993802343588322e+04,-4.766600619765641168e+05,-1.322299379746567916e-01,-6.626154655776457236e-01
-8.860963679371991475e-01,-8.544195968620655890e-01,-1.932979924035294061e-05,-1.363036805448643918e+00,-9.296804637237698898e-08,-4.946670305828381242e+04,-4.475332969417161657e+05,-1.302566998809256693e-01,-2.105686332060385801e+00
1.968403218347347661e-03,-4.070659680192770580e+00,-4.436210666340743458e+00,-7.835866010275083227e-05,-7.422473013996011559e-08,-2.218984013044401945e+04,-4.748101598695559660e+05,-1.121580504365354836e-01,-5.882425870449343730e-01
-3.275165090093068443e-04,-4.110758881978570756e+00,-4.471404888236117259e+00,5.304842554014754796e-04,-1.024534668214727162e-07,-2.365607870111574812e+04,-4.733439212988842628e+05,-1.338088162550148952e-01,-5.834959178399088398e-01
-7.781434946352305815e-05,-3.918683654119352155e+00,-4.258563964811580504e+00,-3.420589229996551239e-05,-6.190847190445936121e-08,-2.038073773535870714e+04,-4.766192622646412929e+05,-1.322311555632489921e-01,-6.559416124995800512e-01
2.700504434738348891e-05,-4.067982662467420241e+00,-4.433007720012456687e+00,-2.763634141089710283e-05,-4.923466323525360622e-08,-2.216127173831150503e+04,-4.748387282616884913e+05,-1.118124309159748975e-01,-5.870075225526232288e-01
-8.862937382982707391e-01,-8.540140770892588051e-01,5.252505907016313813e-04,-1.384714451683883851e+00,-3.307261198237654298e-08,-4.974786658140149666e+04,-4.472521334185985033e+05,-1.459093079583390629e-01,-2.105686376554136707e+00
-8.861021987570332215e-01,-8.544075353584936749e-01,-3.241516672858324455e-06,-1.384598883738812347e+00,-2.782384878052823751e-08,-4.974636489136881573e+04,-4.472536351086311624e+05,-1.458938497307501470e-01,-2.105686380453218653e+00
-6.036132546505257324e-05,-4.068821781529727843e+00,-4.433727476846289761e+00,-1.266939172772652000e-05,1.358289414277180640e-08,-2.219197863935668647e+04,-4.748080213606433244e+05,-1.121946615800565872e-01,-5.868792554836619324e-01
1.720540758043398455e-05,-4.070485563153489750e+00,-4.435354901124579641e+00,3.146571823542387847e-05,-8.356278113907933403e-09,-2.223734040370743242e+04,-4.747626595962925931e+05,-1.128382678163864505e-01,-5.866548530567383679e-01
-8.358068212643843253e-06,-4.069765024015369548e+00,-4.434674317100995466e+00,-7.223423050817245894e-06,-4.476413439924442628e-08,-2.221595120892268824e+04,-4.747840487910773372e+05,-1.125681409700207414e-01,-5.867246162573540591e-01
5.210826485297914701e-04,-4.059330213124376030e+00,-4.328283564703720998e+00,3.437444608138662261e-04,-1.386173908990429027e-08,-3.094439961588603910e+04,-4.660556003841139609e+05,-1.139351433375800082e-01,-7.576281781844944607e-01
-2.465590516820270750e-05,-4.058213255139403230e+00,-4.326831963309810902e+00,-5.910154168731196478e-06,-1.920650971598547585e-09,-3.094246471982668299e+04,-4.660575352801732952e+05,-1.139256544788435077e-01,-7.576425322305997412e-01
-1.415972022998701618e-03,-3.453569117465640659e+00,-3.491130392612840083e+00,-4.021290474129948223e-01,-1.342832578465902316e-08,-3.801370028298586112e+04,-4.589862997170141316e+05,-1.291045462404026567e-01,-1.347683402236709682e+00
1.670090063567997163e-04,-4.066690942219061355e+00,-4.368170968171508406e+00,-2.344184924929493263e-05,-3.304688744876216333e-09,-2.772944469941099305e+04,-4.692705553005890106e+05,-1.148989572218200583e-01,-6.950111266600791371e-01
-8.491757234274643906e-06,-4.066477646288946701e+00,-4.367900787994273060e+00,-1.163638568968394793e-05,-5.472725161936864424e-09,-2.772780554240312267e+04,-4.692721944575968664e+05,-1.148736870094170526e-01,-6.948963601530098178e-01
-5.859763939462308002e-01,-1.470932968005831398e+00,-8.281044160202633009e-01,-1.187122083345311552e+00,-5.885557596840840233e-09,-4.722317728358801105e+04,-4.497768227164120181e+05,-1.173074040804914231e-01,-2.105686396750233946e+00
3.029297089689464428e-04,-4.052203607803136265e+00,-4.295200885661563106e+00,8.453097255056718495e-05,-5.676455527847679150e-09,-3.378044025598948792e+04,-4.632195597440105048e+05,-1.135596902077843640e-01,-8.099351656064888161e-01
-6.971516585352333095e-06,-4.051733307875393209e+00,-4.294569201745211728e+00,-1.914049509110782310e-06,2.465909476612182516e-09,-3.378131613683108299e+04,-4.632186838631689316e+05,-1.135494982833293864e-01,-8.098519290493602085e-01
-8.620922152147159068e-06,-4.051803659403676150e+00,-4.294663683160607093e+00,-1.552496442513984221e-07,-7.231051979417202347e-09,-3.378129831612299313e+04,-4.632187016838770360e+05,-1.135779545728970163e-01,-8.097877790990573033e-01
-3.707752425565038479e-01,-1.913004215021125276e+00,-1.421883169342386566e+00,-1.103676264646626493e+00,-5.217624332587433855e-09,-4.618248080249595660e+04,-4.508175191975040361e+05,-1.368833403507138946e-01,-2.105686397246413044e+00
2.915515927268685914e-04,-3.930024535138493036e+00,-4.131093092937893729e+00,-2.315012814892902782e-02,-4.432067823856300492e-09,-3.401637750203977339e+04,-4.629836224979602266e+05,-1.457174079118028764e-01,-9.129412207120224387e-01
-5.831513361087559133e-06,-3.931107241196825086e+00,-4.132547374191407386e+00,-2.282861964443760883e-02,9.094850428326139991e-09,-3.401310562619600387e+04,-4.629868943738039816e+05,-1.457088842690803521e-01,-9.115249245053762550e-01
4.619811853512345579e-05,-3.922373304839830155e+00,-4.120816181374808096e+00,-1.673677798136807837e-02,1.376132208186220396e-08,-3.395114885983589920e+04,-4.630488511401640717e+05,-1.457776059773097099e-01,-9.187637014327143525e-01
-1.253048637561704481e-05,-3.909708914727366036e+00,-4.103805706882308613e+00,3.368547432636148642e-05,2.057349068884661847e-08,-3.378095543252643256e+04,-4.632190445674735820e+05,-1.458771096517151866e-01,-9.286553457357902275e-01
-1.596016251603771252e-05,-3.899473831703105020e+00,-4.090058156529607913e+00,-1.217755337279413652e-05,-1.603329269350695085e-08,-3.378142012996815174e+04,-4.632185798700318555e+05,-1.459574022265671123e-01,-9.374058538862244383e-01
-7.761308677363132347e-04,-3.687230621000857411e+00,-3.804978540862327563e+00,-2.120071003097248052e-01,-3.338787690765343541e-09,-3.597302105839725118e+04,-4.610269789416027488e+05,-1.023502665823825541e-01,-1.133695442483281024e+00
-1.875725279548969837e-01,-2.289343521589604080e+00,-1.927372469835805902e+00,-9.626597159176828455e-01,-2.946932253777845290e-09,-4.445776584294537315e+04,-4.525422341570546268e+05,-1.108837326106621723e-01,-2.105686398933213077e+00
4.469488531340104487e-04,-3.128660583623403824e+00,-3.054721603428200538e+00,-4.963584049567266732e-01,-3.571014373093817085e-09,-3.905191896831021586e+04,-4.579480810316897696e+05,-1.517025721225955803e-01,-1.651834133804737981e+00
-2.115147952531870601e-03,-2.670314424928855956e+00,-2.439082798433279464e+00,-6.171070539411402933e-01,-9.709014703318530337e-09,-4.040865230668218283e+04,-4.565913476933178026e+05,-1.548603579918921280e-01,-2.088315850003051644e+00
-7.431511087041542396e-04,-3.075408378768551998e+00,-2.983194610720527606e+00,-5.983501654750664756e-01,-2.194252557430331763e-09,-4.019594684486587357e+04,-4.568040531551341410e+05,-1.041012878378661799e-01,-1.708247588565785069e+00
-1.589877127673666735e-03,-2.671393439347928833e+00,-2.440532115286494275e+00,-9.028178453547184290e-01,-1.477643563063679721e-09,-4.373864966957054276e+04,-4.532613503304294427e+05,-1.403808301548127302e-01,-2.105686400024684879e+00
-2.865673146512648373e-05,-4.111538930692017146e+00,-4.478981900930543603e+00,1.584790227777688187e-04,1.015472357313029761e-07,-2.311927368015373941e+04,-4.738807263198462315e+05,-1.340333998501328505e-01,-5.728203012795987092e-01
2.151580361182681145e-04,-3.202146237697562015e+00,-3.153425650733927554e+00,-5.341406074091921141e-01,-1.524358195226227508e-09,-3.947324726940738765e+04,-4.575267527305926196e+05,-1.112366509006507131e-01,-1.588074409844128621e+00
-1.260987187912121499e-05,-4.111288089768413201e+00,-4.478721599408645559e+00,2.550073057605573013e-06,-5.755915277738665736e-08,-2.311445429164599045e+04,-4.738855457083539804e+05,-1.340283707209599107e-01,-5.729168476686463674e-01
5.312513005506502850e-06,-3.205213010682491870e+00,-3.157544862533974594e+00,-5.316284599933833732e-01,-7.989313655087926236e-10,-3.944514305716118542e+04,-4.575548569428388146e+05,-1.109812336616952111e-01,-1.584746584552996662e+00
-0.000000000000000000e+00,-3.043628279296180850e+00,-3.180433116726653964e+00,-8.928603624356767909e-03,-6.344069714003808258e-10,-1.567529484185042747e+04,-4.813247051581495907e+05,-1.195843586012454440e-01,-1.148400281067023299e+00
-8.401465647622785582e-07,-3.204555728237133749e+00,-3.156662017727118297e+00,-5.320593059428606608e-01,-7.275395841332965574e-10,-3.944996215938340174e+04,-4.575500378406165983e+05,-1.109953715621512516e-01,-1.585363574876091253e+00
-9.982394689522777753e-06,-4.111316600068112947e+00,-4.478638790965483452e+00,1.482549000719757260e-05,-1.438897068162248161e-08,-2.312420753582888938e+04,-4.738757924641711288e+05,-1.340397728020176760e-01,-5.730914161784508298e-01
7.586624342081904615e-06,-4.111277116795156061e+00,-4.478528894638630575e+00,-2.023056278943613506e-05,-6.363574978074382216e-08,-2.312914828405978187e+04,-4.738708517159402254e+05,-1.340456176859635418e-01,-5.732375102189528615e-01
-2.271512527869390397e-04,-4.055879947169104938e+00,-4.403182873922494522e+00,9.953541817964151051e-05,-2.115953878778498165e-08,-2.324754222817180926e+04,-4.737524577718281653e+05,-1.077301055049358358e-01,-6.180452483140170816e-01
-2.336133935809669993e-05,-4.055379285297956216e+00,-4.370852352809050601e+00,1.497596973543124932e-05,-3.843615870025018921e-09,-2.600765524726828880e+04,-4.709923447527317330e+05,-1.091824493525566098e-01,-6.723074358020890706e-01
6.439991873286032842e-05,-4.068633023980803287e+00,-4.383414042457788540e+00,-5.498016761862345447e-06,-9.955056112787019629e-09,-2.649304530865567358e+04,-4.705069546913443482e+05,-1.148323562413148258e-01,-6.707923424539083967e-01
-2.386505183693543586e-06,-4.055857630302568850e+00,-4.403211696176786205e+00,8.726934924041529484e-06,-7.897537512846497521e-09,-2.324349263898855133e+04,-4.737565073610114632e+05,-1.076932937513873922e-01,-6.182842751621175914e-01
-3.213646938071690329e-05,-4.056759625167325467e+00,-4.404023529919307123e+00,-9.932717958349712717e-06,2.229128215347486730e-09,-2.327558668143340765e+04,-4.737244133185665705e+05,-1.080700960907930164e-01,-6.181845341051448450e-01
2.714860611874314600e-06,-4.068494380695574009e+00,-4.383252766413203716e+00,-6.182015317435229917e-06,4.015334953422211584e-09,-2.649075898334096928e+04,-4.705092410166590125e+05,-1.147984677147078081e-01,-6.707712656994233580e-01
-3.051045245783257087e-06,-4.111290878157541684e+00,-4.478484831900029661e+00,-7.481088287519810365e-06,-2.779333629909785941e-08,-2.313413979488841869e+04,-4.738658602051115595e+05,-1.340515178527927342e-01,-5.733117445714177585e-01
1.675110429912862742e-04,-3.084665182380192050e+00,-2.995628121974085900e+00,-4.215229599280316819e-01,4.852206858529939382e-09,-3.822592009348722058e+04,-4.587740799065127503e+05,-1.520135645914189870e-01,-1.688022074201587230e+00
2.490095240670342491e-05,-4.072833229106549879e+00,-4.387144873299231307e+00,-2.294626469279137382e-06,-4.060847191844629833e-08,-2.667323342794558266e+04,-4.703267665720544173e+05,-1.168068206438575563e-01,-6.706538812762343760e-01
-2.546491182364718497e-06,-4.072666058619120122e+00,-4.386972669722846163e+00,-2.165303047974020956e-05,-1.664825144409576296e-08,-2.666847803451497020e+04,-4.703315219654850080e+05,-1.167554334209675304e-01,-6.706583800355947478e-01
6.504646477445419350e-06,-4.057666229206379427e+00,-4.404895270003674312e+00,4.240210421002643670e-06,-2.638487361927843722e-08,-2.330306860747014798e+04,-4.736969313925298629e+05,-1.084018364915324550e-01,-6.180897006198369237e-01
1.158436245678018395e-03,-3.510193744025677631e+00,-3.567187157137650999e+00,-3.828339343970057485e-01,4.642910500507468896e-10,-3.780331083462147217e+04,-4.591966891653785133e+05,-1.426208823117494917e-01,-1.299645154243468603e+00
2.014146819409035061e-04,-3.843719722411238493e+00,-4.015170689339543131e+00,-1.151206954963406304e-01,-2.896569650800984164e-10,-3.496054846554250253e+04,-4.620394515344575047e+05,-1.032256165703125117e-01,-9.941887810641998335e-01
3.512545823358692587e-05,-3.092077114081115852e+00,-3.005583669831983329e+00,-4.286822453433636326e-01,2.650165709106033773e-08,-3.830445237614400685e+04,-4.586955476238559932e+05,-1.519612920732360817e-01,-1.681284063436435439e+00
-7.827299226548234401e-07,-3.507336872070403899e+00,-3.563349867552403794e+00,-3.839859128535572097e-01,-8.454793087864231893e-09,-3.781585079083481105e+04,-4.591841492091651889e+05,-1.427357001762664668e-01,-1.300235286697811077e+00
4.645707155859213344e-06,-4.057497122673254353e+00,-4.404735320794028297e+00,-9.528333533737054495e-06,2.216448469205545280e-08,-2.329781676826909097e+04,-4.737021832317308872e+05,-1.083448691907315242e-01,-6.181106985240314433e-01
1.044922693971273020e-05,-4.055826385341449125e+00,-4.403228680588130217e+00,-1.569152612290736215e-06,1.405282334943080969e-09,-2.323879165801623458e+04,-4.737612083419837872e+05,-1.076808726827696294e-01,-6.182304942750294074e-01
-9.985947360124924899e-05,-4.111925783345354191e+00,-4.441569205927494934e+00,4.350065032276972943e-05,9.387862265342050705e-09,-2.646708582105617097e+04,-4.705329141789438436e+05,-1.377110635752652468e-01,-6.352394908561673770e-01
7.691714151825124191e-06,-4.111958830650678465e+00,-4.441676738686762604e+00,-1.310588688241409727e-06,1.074482836038725964e-08,-2.646143064580571081e+04,-4.705385693541942746e+05,-1.377045935988883418e-01,-6.352606840003305333e-01
-1.340047634634800033e-06,-3.843637284484417549e+00,-4.015059959461961370e+00,-1.150147544613648876e-01,-1.296455165444854174e-09,-3.495945141892199899e+04,-4.620405485810780083e+05,-1.032124922183771665e-01,-9.939252607707964593e-01
-1.870143994473494331e-04,-4.070397942983694506e+00,-4.410968088169154200e+00,2.631345558157249798e-05,5.498338961906767963e-08,-2.421696137564345190e+04,-4.727830386243565590e+05,-1.140853217226618088e-01,-6.259363180592290021e-01
-4.509190055127945129e-01,-1.748371013616214498e+00,-1.200752086411753794e+00,-1.135571177259016906e+00,-5.733162833365668121e-10,-4.657848430703621125e+04,-4.504215156929637888e+05,-1.288031631596865123e-01,-2.105686400696471061e+00
-4.572232944255461007e-06,-4.070823781918399220e+00,-4.411424200803232054e+00,-8.368151856785743803e-06,-1.443957020619279774e-08,-2.422686329932357694e+04,-4.727731367006764049e+05,-1.142189154155382746e-01,-6.260500323791575727e-01
-0.000000000000000000e+00,-3.440421301737709214e+00,-3.667869333451086789e+00,-3.223115443898194599e-03,2.829777590029891599e-08,-1.761843822300964894e+04,-4.793815617769903620e+05,-1.136448787518025416e-01,-9.293975730037480343e-01
2.053554717384997730e-05,-4.111822771943089094e+00,-4.434032738125203821e+00,-2.622018171649642682e-05,-9.275941859065994777e-08,-2.718505217933424865e+04,-4.698149478206657805e+05,-1.384363832684215034e-01,-6.483233133725463393e-01
-8.862395629982859901e-01,-8.541253229188701113e-01,3.757711763121562853e-04,-1.400468560261124651e+00,-1.179827346931006105e-10,-4.995285172661524848e+04,-4.470471482733847806e+05,-1.611191070350648791e-01,-2.105686401034717825e+00
-8.861291572903295943e-01,-8.543521208863644745e-01,7.114193429202941843e-05,-1.400374326518255330e+00,-9.856360172477707238e-11,-4.995162396963036736e+04,-4.470483760303696617e+05,-1.610770076003291973e-01,-2.105686401049143619e+00
5.893475276685933295e-06,-4.111899263953235462e+00,-4.434185539036203494e+00,2.937432032190656628e-05,-8.534928319647860917e-11,-2.717960286384360006e+04,-4.698203971361563890e+05,-1.384308080883589753e-01,-6.481519229217962419e-01
-1.706067482309947536e-05,-4.111809912990370464e+00,-4.434124426195856117e+00,-1.265038098097193142e-05,-1.872792365631426037e-09,-2.717422205045115697e+04,-4.698257779495488503e+05,-1.384258243118551279e-01,-6.480885206285580402e-01
-0.000000000000000000e+00,-3.438457008724720154e+00,-3.665450315405907489e+00,-1.459583407221742846e-04,-3.943957938012943032e-08,-1.758705329266999979e+04,-4.794129467073300038e+05,-1.130775610524455133e-01,-9.303561538068156889e-01
-8.861074741100889440e-01,-8.543966608942898944e-01,1.131413296207028907e-05,-1.400451658688615098e+00,1.527399762224490587e-09,-4.995263151717335131e+04,-4.470473684828266269e+05,-1.611753236586945526e-01,-2.105686402257002321e+00
7.507784456184829480e-03,-3.003238648848252978e+00,-2.886258066928636623e+00,-1.088762004112453496e-03,-1.243712577370104100e-08,-3.379232955823177326e+04,-4.632076704417682486e+05,-1.525846289539097567e-01,-1.751840907055992158e+00
-8.860829591286520923e-01,-8.544470213296104788e-01,-5.632711812708635080e-05,-1.400418555694615819e+00,6.043088252027928320e-10,-4.995220022234047065e+04,-4.470477997776595294e+05,-1.611524103499960558e-01,-2.105686401571277067e+00
-8.860784358561071272e-01,-8.544563334220462991e-01,-6.880764211558698662e-05,-1.400448425739478253e+00,-1.518034831171632959e-08,-4.995258939537030528e+04,-4.470474106046296656e+05,-1.611882286250184704e-01,-2.105686389845531359e+00
1.672323920480778270e-04,-2.750024205112655551e+00,-2.546146943393964079e+00,-8.112769734639222463e-01,-2.685698330395780431e-10,-4.265320985374035081e+04,-4.543467901462596492e+05,-1.100380092139499055e-01,-2.030369838424732620e+00
-3.670113738252211988e-06,-2.748045857968683947e+00,-2.543489679107182155e+00,-8.125512150171942949e-01,2.780276009417548266e-10,-4.266819848414836451e+04,-4.543318015158516355e+05,-1.101317477675980150e-01,-2.031999839198970648e+00
-1.324156758464312134e-06,-2.747897840956673221e+00,-2.543290866288465679e+00,-8.126727509767039948e-01,1.659785642260658278e-10,-4.266962826295217383e+04,-4.543303717370477971e+05,-1.101469563796134699e-01,-2.032152715113634045e+00
-6.825220051354108364e-07,-2.747612066330471947e+00,-2.542907020938226736e+00,-8.128784306666041459e-01,2.711009194911184750e-11,-4.267204799958020158e+04,-4.543279520004197839e+05,-1.101626330314419422e-01,-2.032439934729187492e+00
8.259679153965748810e-07,-2.747342560759786778e+00,-2.542545028038173172e+00,-8.130747259098161095e-01,7.048872596726596385e-11,-4.267435741456630058e+04,-4.543256425854336703e+05,-1.101783075045734694e-01,-2.032712656062832135e+00
-1.391722714305210218e-03,-3.014691361113341017e+00,-2.901641048984298976e+00,-3.070835452229463414e-01,-1.729897891600273852e-08,-3.698454429202957544e+04,-4.600154557079704246e+05,-1.525046601594481632e-01,-1.743616065306921037e+00
-6.122904716576726969e-07,-2.747165552671496869e+00,-2.542307274941489226e+00,-8.132116865921457105e-01,-1.810007699276638959e-10,-4.267596880572744703e+04,-4.543240311942725675e+05,-1.101936743749960257e-01,-2.032886817307955063e+00
-4.487741340319928440e-05,-4.057831290479878561e+00,-4.411367711013491899e+00,2.745715412366678265e-05,-7.421475656244069796e-09,-2.279766309024561633e+04,-4.742023369097543764e+05,-1.081921994494785544e-01,-6.076955028811588111e-01
-1.110555976957527946e-06,-4.057761429492396488e+00,-4.411287800373671075e+00,-1.372181931280636036e-05,-5.337466713051242095e-08,-2.279692864477297189e+04,-4.742030713552270317e+05,-1.081756501241019630e-01,-6.077892288110384733e-01
-2.923756633776974923e-04,-3.066191983527078335e+00,-2.970815388643870847e+00,-6.526900268433770691e-01,1.743540867238380088e-10,-4.081415172120362695e+04,-4.561858482787963585e+05,-1.346928014095781501e-01,-1.718047353128601351e+00
1.596463609310205811e-06,-3.064905779771263994e+00,-2.969087806407177510e+00,-6.537841121996947891e-01,9.538092315963808687e-09,-4.082666104149755847e+04,-4.561733389585024561e+05,-1.347716386181641579e-01,-1.719861599946113095e+00
-5.132199714097396281e-07,-3.065609661571494726e+00,-2.970033213966157604e+00,-6.532717289222453871e-01,-9.972991987794443958e-09,-4.082080235586632625e+04,-4.561791976441337029e+05,-1.347098309589971898e-01,-1.719174919823059255e+00
-7.170445399424503208e-01,-1.201689704211640120e+00,-4.664637843261694172e-01,-1.258352011747980725e+00,-2.354301198437269704e-10,-4.812346099411415344e+04,-4.488765390058858320e+05,-1.192946932323691867e-01,-2.105686400947472059e+00
-8.861606172994358488e-01,-8.542874949512029303e-01,1.579457681266660529e-04,-1.356328419938787277e+00,-6.178946243551308726e-11,-4.937990388831718883e+04,-4.476200961116828257e+05,-1.261723782852026687e-01,-2.105686401076462211e+00
-8.861066081859725330e-01,-8.543984416670795667e-01,8.924892295425479460e-06,-1.356336777894563639e+00,-6.832534538148138381e-12,-4.938001196943098330e+04,-4.476199880305690458e+05,-1.261930659129210097e-01,-2.105686401117286444e+00
-8.861234140242526536e-01,-8.543639187140197322e-01,5.529522831793087789e-05,-1.356368277458127380e+00,-1.970645868709652859e-12,-4.938041930820647394e+04,-4.476195806917935261e+05,-1.262065274965724071e-01,-2.105686401120899554e+00
-5.317233256641635819e-01,-1.582380909962497029e+00,-9.777984071554968182e-01,-1.215803217891004095e+00,-2.051284009318976587e-08,-4.758435462447628379e+04,-4.494156453755237162e+05,-1.616968305732682798e-01,-2.105686385884252054e+00
-8.861165104257118230e-01,-8.543781002733581431e-01,3.624695600024097075e-05,-1.356387304812189498e+00,-2.177347191434364504e-11,-4.938066536280476430e+04,-4.476193346371952211e+05,-1.262196569655098244e-01,-2.105686401106187766e+00
1.536939503585799116e-04,-4.110483582830529059e+00,-4.398073851213723628e+00,1.513350508730582078e-05,-1.012145101064731989e-08,-3.081095153045104234e+04,-4.661890484695489286e+05,-1.418210215898444149e-01,-7.114955448966517881e-01
-8.860976723750333406e-01,-8.544167979192955897e-01,-1.573062021265059229e-05,-1.356272676073260186e+00,-8.466005674279131199e-11,-4.937918303906408255e+04,-4.476208169609359466e+05,-1.261582884082594058e-01,-2.105686401059473134e+00
1.306816638013685861e-06,-4.110273470601367052e+00,-4.397738806133920875e+00,-2.127988729938579127e-05,-1.260544979508892993e-08,-3.081739043050375767e+04,-4.661826095694962423e+05,-1.418280402356686953e-01,-7.115395470460257332e-01
-8.861410413099823913e-01,-8.543277067431667149e-01,1.039320858708947526e-04,-1.378861486151794935e+00,1.233583235560331559e-09,-4.967185021765082638e+04,-4.473281497823491809e+05,-1.412573300527920905e-01,-2.105686402038739580e+00
-8.861016440772608860e-01,-8.544086433999318331e-01,-4.771978112216856971e-06,-1.378823721876848651e+00,-3.388239688817407114e-09,-4.967135999342994910e+04,-4.473286400065700291e+05,-1.412435756699328138e-01,-2.105686398605384646e+00
2.526499627899525535e-04,-4.078278252781975866e+00,-4.369858427425846514e+00,-2.333743427662682279e-05,2.422464473461616308e-08,-2.916076050229391331e+04,-4.678392394977060612e+05,-1.212826915093849212e-01,-7.107938717764665792e-01
1.842905610338618771e-06,-4.077946227496957121e+00,-4.369472250885275244e+00,-8.029395246467174729e-07,2.314594493846300338e-08,-2.915430219244248292e+04,-4.678456978075575316e+05,-1.212205360359857598e-01,-7.105822326734081429e-01
-3.081450570263655209e-06,-4.078077927069827524e+00,-4.369555829031318339e+00,-9.179933323721911620e-06,-7.064053120231506000e-09,-2.916428002258482593e+04,-4.678357199774151668e+05,-1.213015798231162345e-01,-7.106365120988173967e-01
-3.559604916780756412e-05,-4.068525402933000024e+00,-4.344160011137171651e+00,6.510396032055609794e-06,1.655659831456546272e-09,-3.054508943601544161e+04,-4.664549105639845366e+05,-1.180566786148120051e-01,-7.421903019910063293e-01
-8.861023888973402762e-01,-8.544071161576631823e-01,-2.716885305176219845e-06,-1.389834605790625233e+00,-5.555581550353849707e-09,-4.981442748053955438e+04,-4.471855725194604602e+05,-1.504833592895128136e-01,-2.105686396995358756e+00
3.414764600950803697e-05,-4.044745461088975702e+00,-4.306308354661947391e+00,-6.909116413744698093e-05,-6.796034623945956810e-09,-3.122577495528163854e+04,-4.657742250447183615e+05,-1.088442256005059672e-01,-7.739634052459147817e-01
-1.544513265727687212e-06,-4.044774227721983806e+00,-4.306353670440669745e+00,-2.738653000378121760e-06,4.292450173082329457e-09,-3.122436002881234162e+04,-4.657756399711876875e+05,-1.088283374383108293e-01,-7.738701895101796069e-01
4.065910302752939742e-05,-4.053967057625030179e+00,-4.331003496812179776e+00,2.193065663824711464e-05,-1.904823032639058056e-08,-2.983909321085079137e+04,-4.671609067891492159e+05,-1.113041829947399586e-01,-7.425165076957931376e-01
7.361071055811407859e-06,-4.053953758055135026e+00,-4.330968010204907515e+00,-4.148503883527610014e-06,6.925837015003821762e-09,-2.984127420702014933e+04,-4.671587257929798216e+05,-1.113301979749218851e-01,-7.425100971848959119e-01
-3.938885644316769685e-07,-4.044701035808705214e+00,-4.306295987565164296e+00,4.104923309711239199e-06,3.823941385761031597e-09,-3.121962238220257859e+04,-4.657803776177974069e+05,-1.087929674836750349e-01,-7.738556081039671408e-01
3.618729511600804472e-07,-4.044500770321542760e+00,-4.306110004637979216e+00,1.095896602976154099e-05,3.015134142358988356e-09,-3.121002530775559717e+04,-4.657899746922444319e+05,-1.087066615900624811e-01,-7.738667924521518415e-01
-1.584017661926395704e-06,-4.044448093079564543e+00,-4.306053772566723836e+00,3.897579862410793794e-06,1.302541119407862880e-08,-3.120843182341819920e+04,-4.657915681765818154e+05,-1.086906873299350318e-01,-7.738806519880432333e-01
2.558062622988188650e-04,-4.082300988608269066e+00,-4.340213145364735681e+00,4.526374844715519430e-06,-8.162534426148226885e-09,-3.320362285951247031e+04,-4.637963771404875442e+05,-1.272114070997736879e-01,-7.744374906270148351e-01
-5.599170720849144800e-06,-4.044855415610825844e+00,-4.306436223877559755e+00,1.182192981730167958e-06,9.978962767220878050e-09,-3.122736291381056799e+04,-4.657726370861894102e+05,-1.088602074222649319e-01,-7.738459024080714954e-01
-1.590933680439832187e-05,-4.047396378555390584e+00,-4.324768979865108776e+00,-1.700658823544642928e-05,-1.068854227348481345e-08,-2.955989680585044698e+04,-4.674401031941495603e+05,-1.086198858399625156e-01,-7.430919590724054391e-01
-3.768763448874778987e-06,-4.110313570890015811e+00,-4.397918572697593120e+00,1.881535565573244639e-06,-2.544301436202545119e-09,-3.080277464936461183e+04,-4.661972253506353591e+05,-1.418151854752636998e-01,-7.112614951108802153e-01
7.326901140913832933e-06,-4.081934878419390955e+00,-4.339766547651926487e+00,-9.282287388501231362e-06,-3.644324619855865421e-09,-3.319815380239565275e+04,-4.638018461976043181e+05,-1.271535832426178292e-01,-7.742736453015455211e-01
1.054551906243261783e-06,-4.044407955075541850e+00,-4.306017531164432199e+00,2.088100844233053976e-06,-2.147903854776700427e-09,-3.120641800633531966e+04,-4.657935819936646731e+05,-1.086742763088335562e-01,-7.738847169658498171e-01
3.832669673187183434e-06,-4.082075226193532913e+00,-4.339873705767690382e+00,1.109004900357035694e-06,9.341453166555879761e-09,-3.320818455138812715e+04,-4.637918154486118583e+05,-1.272327236493948632e-01,-7.743078311532971547e-01
5.930908603346551899e-06,-4.082107456033384096e+00,-4.339928774381560217e+00,3.109469574269496661e-06,-2.554121425468736106e-08,-3.320668868636203115e+04,-4.637933113136379980e+05,-1.272456784550870246e-01,-7.742597211044284222e-01
-4.748190175997839546e-01,-1.699275048177938174e+00,-1.134807646571392326e+00,-1.125726065271873466e+00,-1.122788528817864062e-10,-4.645601470178065210e+04,-4.505439852982193697e+05,-1.155749310737959612e-01,-2.105686401038956213e+00
1.088341564692285601e-05,-4.058286959528887294e+00,-4.319044018996963885e+00,9.375451906379339562e-06,-1.440604679991963621e-08,-3.185966641296223679e+04,-4.651403335870377487e+05,-1.146773608765879471e-01,-7.729471003119163797e-01
-3.970695505728372154e-07,-4.044367229613673231e+00,-4.305977665689049161e+00,2.345374555901003077e-06,7.059618001292733425e-09,-3.120471532092292910e+04,-4.657952846790771000e+05,-1.086582121473295692e-01,-7.738884948195909885e-01
-1.070144347359303083e-06,-4.058284859550511214e+00,-4.319027774231305017e+00,-6.846455756104319335e-06,1.236732716236588203e-09,-3.186141662249251385e+04,-4.651385833775075153e+05,-1.146936362179558078e-01,-7.729565383733787431e-01
5.994875831571988556e-05,-4.100865141847872763e+00,-4.385569917554390074e+00,1.095914205073711400e-05,1.453478515323070042e-08,-3.076610125490833889e+04,-4.662338987450916320e+05,-1.418605818817004760e-01,-7.184404337561061116e-01
2.201532138812467565e-06,-4.082147436491327497e+00,-4.339940863390078007e+00,2.170398616385682544e-05,1.681546679677126122e-09,-3.321169256275741645e+04,-4.637883074372425908e+05,-1.272590796562428905e-01,-7.743017913578393863e-01
6.221672005146672291e-06,-4.082164025392609474e+00,-4.339954133111122658e+00,1.236001552662457925e-05,-1.121314130436701362e-08,-3.321290689420884883e+04,-4.637870931057911366e+05,-1.272748161981848147e-01,-7.743115900315342692e-01
-4.529953412379938982e-06,-4.058494776973331497e+00,-4.319236587656677173e+00,-7.594933286725336075e-06,6.067341518090074715e-09,-3.187004846683921642e+04,-4.651299515331607545e+05,-1.147912509146112037e-01,-7.729137705953545989e-01
-3.765059076954457851e-06,-4.044887046576786105e+00,-4.306450061479953462e+00,-2.815947761192205689e-06,5.693540972018240609e-09,-3.123070041459541972e+04,-4.657692995854045730e+05,-1.088761904215532206e-01,-7.738774167077344668e-01
1.797018469140709840e-06,-4.058536803400293991e+00,-4.319283063180055393e+00,-7.077507246933123497e-06,2.007188837360729394e-08,-3.187121953728427616e+04,-4.651287804627157166e+05,-1.148069481217901810e-01,-7.729070735297274286e-01
-2.053312959660047454e-07,-4.081927749771246283e+00,-4.339760913583269542e+00,8.875805908914458087e-06,1.602973087599934843e-09,-3.319748197908045404e+04,-4.638025180209195241e+05,-1.271381401867220096e-01,-7.742601453918802612e-01
6.057112837964950813e-07,-4.082180261762212936e+00,-4.339954788061795909e+00,1.056347655747913450e-05,-1.741105637442785792e-08,-3.321556073761142034e+04,-4.637844392623885651e+05,-1.272908185393837044e-01,-7.743306068126218911e-01
2.750300753362466821e-06,-4.082163210982686863e+00,-4.339919757135886513e+00,-1.904921134610049194e-05,-5.015321491441682156e-12,-3.321737388129980536e+04,-4.637826261187001946e+05,-1.273068539773639096e-01,-7.743728949751140789e-01
-7.488796629040450625e-06,-4.058559243904211300e+00,-4.319277442902105690e+00,-4.573576308786186928e-06,2.121441911029364746e-09,-3.187542349141834711e+04,-4.651245765085816383e+05,-1.148221763808063012e-01,-7.729432264708480105e-01
-2.398921809643184133e-05,-3.491451612047152153e+00,-3.542013206221557908e+00,-3.484999948584395213e-01,2.397311238411248269e-10,-3.743078497936092754e+04,-4.595692150206390652e+05,-1.088355237553056964e-01,-1.314932870434213807e+00
1.084072736201591169e-05,-4.110302649072423264e+00,-4.397725503478016051e+00,-6.177403591323127330e-06,6.351630976730859857e-08,-3.082325062412254920e+04,-4.661767493758774363e+05,-1.418330245099396203e-01,-7.116281466456084726e-01
3.230304767676273059e-06,-4.082221837088049199e+00,-4.339981387399863166e+00,2.152426155532793928e-06,-9.036993375843849208e-12,-3.321929277686891874e+04,-4.637807072231310885e+05,-1.273226410589638202e-01,-7.743567526050867400e-01
-5.270315371674882954e-06,-4.082230396622065882e+00,-4.339983650298428586e+00,-4.381579962853265897e-06,-1.465916277254564193e-11,-3.322050952017211239e+04,-4.637794904798278585e+05,-1.273384825912614871e-01,-7.743542438815418372e-01
9.618381140441556454e-07,-3.491826574851673470e+00,-3.542516846287796284e+00,-3.482501453907733691e-01,-8.328226996923149272e-12,-3.742808272885993938e+04,-4.595719172711400315e+05,-1.088187784399571034e-01,-1.314629126434625928e+00
9.988757492251920667e-07,-3.492457652705104110e+00,-3.543364493864809006e+00,-3.477918394983383621e-01,-6.372458116743473511e-12,-3.742312623886692018e+04,-4.595768737611330580e+05,-1.087852260497368939e-01,-1.314043212871901734e+00
-8.859900488242535843e-01,-8.546378811042529833e-01,-3.126833892714842023e-04,-1.368869408719948666e+00,-3.687403715701975671e-10,-4.954225117782970483e+04,-4.474577488221703097e+05,-1.340971968039847417e-01,-2.105686400848441941e+00
-2.191574550667736432e-01,-2.224461019996224920e+00,-1.840223964713285199e+00,-1.024186066543327556e+00,6.728761992036424999e-10,-4.520504672405130987e+04,-4.517949532759487047e+05,-1.396917049409963085e-01,-2.105686401622214099e+00
-2.195369879253270540e-01,-2.223681377756829392e+00,-1.839176765169316496e+00,-1.024417523943077057e+00,-1.957512152372942182e-09,-4.520787316214564635e+04,-4.517921268378543318e+05,-1.397103424508660263e-01,-2.105686399668210917e+00
2.159967428916331755e-05,-4.110400097013785725e+00,-4.398084092938091771e+00,3.904785086383810722e-05,-5.158011329164935432e-08,-3.079675859337099246e+04,-4.662032414066289784e+05,-1.418095498981446767e-01,-7.111343540315473444e-01
1.467432057644657561e-06,-3.470737920817173361e+00,-3.514191104579488467e+00,-3.642137258193773874e-01,-2.078105465486146386e-09,-3.760098759119834722e+04,-4.593990124088016455e+05,-1.103163332590596235e-01,-1.334233770206727065e+00
4.077759641063494200e-08,-3.491485178988867233e+00,-3.542058292127752139e+00,-3.485210960135809444e-01,-8.361977776871754031e-12,-3.743101320491408114e+04,-4.595689867950859480e+05,-1.088498858769452182e-01,-1.314944500838292285e+00
-3.016010203271690671e-05,-4.110214435561372781e+00,-4.397556448218514547e+00,-3.462174548296559351e-05,2.289686240608546086e-08,-3.082932046902917500e+04,-4.661706795309708104e+05,-1.418387891260149691e-01,-7.117350047296922000e-01
8.004022298804258639e-04,-4.069447738635375345e+00,-4.445515564585175383e+00,-6.244402342403532202e-05,-8.451159128064489323e-08,-2.136264050910617516e+04,-4.756373594908938394e+05,-1.117022204970867794e-01,-5.703681921765801910e-01
4.770954108224145784e-06,-3.491286836880727051e+00,-3.541791884107233557e+00,-3.486781746441192098e-01,-2.588818048820940021e-12,-3.743271216151784029e+04,-4.595672878384821815e+05,-1.088658575391246164e-01,-1.315137108790145781e+00
-4.855730839636862584e-07,-3.470458811096897023e+00,-3.513816214487393452e+00,-3.644169214890204955e-01,-2.052358283322064381e-12,-3.760319172841143154e+04,-4.593968082715885830e+05,-1.103326297665729594e-01,-1.334490022156446187e+00
8.749616057457387797e-06,-4.068493060259845251e+00,-4.444330837712744398e+00,1.628628344541027673e-05,-7.615907904323648836e-12,-2.135564429381005175e+04,-4.756443557061899337e+05,-1.115790217603642998e-01,-5.698663271895869631e-01
-1.490337310983136376e-05,-4.110314717345085356e+00,-4.398022828054237721e+00,4.982085744842379427e-06,1.765454449298431427e-11,-3.079101505869504035e+04,-4.662089849413049524e+05,-1.418049634247105784e-01,-7.110507443770412994e-01
-1.735276428327381382e-06,-4.035152278611516152e+00,-4.272297976658890661e+00,-1.361706850584454287e-04,-6.643033456654734437e-09,-3.378267648446813109e+04,-4.632173235155318398e+05,-1.072413427544569309e-01,-8.243730460376612612e-01
4.681805152033646777e-04,-4.074164214353164226e+00,-4.451369352604995555e+00,-9.343079722512470653e-05,-9.235940434670908417e-08,-2.139451212080983532e+04,-4.756054878791901865e+05,-1.322299379746567916e-01,-5.660501348148607725e-01
-9.233896189819290612e-03,-2.480764622785843088e+00,-2.491114997522089425e+00,-2.172404762553803437e-01,-1.649785768220723980e-06,-1.459553578367957743e+04,-4.824044642163204262e+05,-1.323742587005323212e-01,-1.452875237771584116e+00
2.257035118802264151e-07,-4.110103611003607327e+00,-4.397574218800389900e+00,5.107839474405295732e-05,-1.144218053639178834e-11,-3.080948084952208592e+04,-4.661905191504778923e+05,-1.418231492749443823e-01,-7.115540159298892053e-01
-4.927317416303367281e-05,-4.074520294918036356e+00,-4.451803331043844736e+00,8.051168468803382439e-05,3.118860725237482256e-11,-2.139617821160063613e+04,-4.756038217883993639e+05,-1.322307089721555529e-01,-5.651497163197161111e-01
1.340898403690005125e-05,-4.068686094138536546e+00,-4.444570409920704179e+00,3.481381038739073119e-05,1.394373505547719105e-11,-2.135679621316268458e+04,-4.756432037868372863e+05,-1.116424447194065972e-01,-5.697544324020373807e-01
-2.507216059033368083e-05,-4.110257863597842842e+00,-4.398000478504094701e+00,-2.741356096613856153e-05,2.154054712377728720e-12,-3.078517305945530825e+04,-4.662148269405447063e+05,-1.418000710952403431e-01,-7.109820162432356483e-01
2.901947822486761197e-06,-4.075754016968152982e+00,-4.453342725303134131e+00,-1.189349697146013796e-04,1.165756380316906871e-11,-2.140538355963899085e+04,-4.755946164403610164e+05,-1.322299379746567916e-01,-5.644932921965086781e-01
-0.000000000000000000e+00,-3.812881496816151738e+00,-4.127597654695801310e+00,-1.053228464741096104e-03,-2.480216032552107208e-11,-1.972951780816841347e+04,-4.772704821918315720e+05,-1.159180460211040042e-01,-7.179569042467679463e-01
-1.056002006301071106e-04,-3.212451795141170408e+00,-3.167267813162823131e+00,-5.111576346364241630e-01,-7.307487948082780349e-13,-3.921660736775223631e+04,-4.577833926322477637e+05,-1.028498826907781327e-01,-1.577618703059602723e+00
-2.297182401633790505e-05,-4.068577788477668378e+00,-4.444432207525105483e+00,2.200017543252386076e-05,-2.503552920529727999e-12,-2.135644871091159439e+04,-4.756435512890883838e+05,-1.116223943237341365e-01,-5.697767475174086993e-01
1.422818585528062840e-05,-4.110273181781234797e+00,-4.397583992581903800e+00,-2.258413774924861173e-05,-3.796740699613110337e-12,-3.083506018251687055e+04,-4.661649398174831294e+05,-1.418433999730646655e-01,-7.118495501626125321e-01
2.912528115572854404e-06,-4.058386891117120143e+00,-4.306854258025117232e+00,2.029720690543967976e-05,-4.333200465111985977e-12,-3.335913967550404777e+04,-4.636408603244959377e+05,-1.159765965925381448e-01,-7.972967576004004187e-01
3.096026857107858632e-06,-4.041040862178450155e+00,-4.290943450778497592e+00,1.880002242771183774e-05,1.788125203461277124e-12,-3.245232957738994446e+04,-4.645476704226100701e+05,-1.083278328996834794e-01,-7.975727547627247116e-01
-8.725917511736014376e-04,-3.728892637142532607e+00,-3.903668324564492309e+00,-2.906052515498913635e-04,4.395817043700844806e-12,-2.897496639318022790e+04,-4.680250336068197503e+05,-1.432375261731713423e-01,-9.891558097773744951e-01
-3.361687292091630752e-05,-4.110318600833737790e+00,-4.398130055014506823e+00,1.462353059444865266e-05,9.230394226733551477e-13,-3.077927762638036074e+04,-4.662207223736196174e+05,-1.417947885306329869e-01,-7.108274413863266972e-01
-2.921523772680956199e-05,-4.068560402772861906e+00,-4.444409601501520868e+00,-3.589140873216933869e-05,-8.877121260297826666e-12,-2.135684981702554796e+04,-4.756431501829744666e+05,-1.116590467207132231e-01,-5.697804309445151372e-01
-3.008911539126302159e-05,-4.110238976438795433e+00,-4.397484501773702092e+00,-1.423783735710060228e-05,1.409761196669023775e-12,-3.084111385670339951e+04,-4.661588861432966078e+05,-1.418490121887942823e-01,-7.119112603437804943e-01
5.380749456662670127e-06,-4.058440702120259758e+00,-4.306894945329586832e+00,8.251720302610010549e-07,7.720490913243338582e-13,-3.336328485357828322e+04,-4.636367151464216877e+05,-1.160152219547593844e-01,-7.973173148838763602e-01
-3.663463710168457510e-06,-4.058462043285210541e+00,-4.306905551236734908e+00,-7.529228192026948818e-07,-2.674083177112152043e-12,-3.336555909719766350e+04,-4.636344409028023365e+05,-1.160313477175634878e-01,-7.973206788269195933e-01
4.020510340563276941e-05,-4.111863555633222589e+00,-4.465184093507598817e+00,2.788298911049480466e-05,-2.176103741646784329e-11,-2.431462193406673396e+04,-4.726853780659332406e+05,-1.354053403925178090e-01,-5.956828584637712254e-01
-1.037234521117369468e-05,-4.050799779049102156e+00,-4.360293281161423451e+00,-1.114963199633223212e-05,-2.058686554562427773e-11,-2.642436239304316405e+04,-4.705756376069568214e+05,-1.077462204699511372e-01,-6.838074899263306694e-01
-4.279810819429741287e-05,-2.674571483657915749e+00,-2.444800785066117754e+00,-5.252774271551334806e-01,9.193756866920921311e-12,-3.937414921197738295e+04,-4.576258507880226243e+05,-1.548318417314552831e-01,-2.082749132986216445e+00
-1.240855419570863205e-05,-4.111659665939740194e+00,-4.464859177143042146e+00,-6.419732243223563728e-05,-4.010902721063303034e-11,-2.431993960619653080e+04,-4.726800603938034619e+05,-1.354121773574253063e-01,-5.958540864367736223e-01
-9.953048383094476037e-02,-2.470201548339307607e+00,-2.170296333682507850e+00,-9.113439131763279022e-01,-1.615374500829602766e-12,-4.384064441909936431e+04,-4.531593555809006211e+05,-1.093799232895222295e-01,-2.105686401121162454e+00
7.323908477907536962e-06,-2.674674445481738161e+00,-2.444939080741498572e+00,-5.176993089843069384e-01,6.825873200000387442e-12,-3.928954588037656504e+04,-4.577104541196234059e+05,-1.548311518519553676e-01,-2.082278616201766575e+00
-0.000000000000000000e+00,-3.090902693148107616e+00,-3.238381503335952871e+00,-2.861407263459625483e-03,2.602296156339889421e-11,-1.585867902226147999e+04,-4.811413209777385346e+05,-1.107782027032843675e-01,-1.122743800069166076e+00
-0.000000000000000000e+00,-3.060915864004222442e+00,-3.201620099065992875e+00,-8.783620928074498124e-04,3.458322517246870120e-11,-1.570492729156536370e+04,-4.812950727084346581e+05,-1.085270818570845119e-01,-1.139120608716915894e+00
-2.968151285642761650e-06,-2.933909944445186824e+00,-2.793137548901121647e+00,-6.888569322141488982e-01,8.104628079763642745e-14,-4.122897626232283801e+04,-4.557710237376771402e+05,-1.053709377712953865e-01,-1.847724453047176585e+00
-5.840814867319465975e-06,-4.041049006425494028e+00,-4.302775374243420714e+00,-3.640779996594289969e-05,-7.716050021144837956e-13,-3.106159506003742717e+04,-4.659384049399625510e+05,-1.073560218872894323e-01,-7.742811039734975864e-01
-0.000000000000000000e+00,-3.006065491075297302e+00,-3.134413235098040929e+00,-5.528004923416318661e-04,6.685541009687767655e-12,-1.544850966204496217e+04,-4.815514903379550669e+05,-1.050463570566938509e-01,-1.169166868149700944e+00
-2.756317307799793781e-01,-2.108450240232896178e+00,-1.684401262040893243e+00,-1.013346361079085156e+00,-1.160627149943138647e-12,-4.507280587452526379e+04,-4.519271941254747217e+05,-1.123560678231626531e-01,-2.105686401121499962e+00
-2.011318966381736573e-04,-3.619474311005109968e+00,-3.713970009051340782e+00,-4.238994200366086318e-02,2.424060951966566790e-12,-3.421253766796564014e+04,-4.627874623320343671e+05,-1.481117547420222613e-01,-1.182254293512567056e+00
