-5.692307692307693401e+00,1.692307692307693401e+00,3.384615384615385025e+00,-2.046153846153846345e+01,3.213017751479290141e+00,-4.928994082840237212e+00
-7.230769230769231726e+00,3.230769230769231282e+00,-1.046153846153846168e+01,5.692307692307692513e+00,-2.928994082840236324e+00,-1.094674556213017347e+00
-9.538461538461538325e+00,5.538461538461538325e+00,-6.615384615384614975e+00,-4.307692307692308376e+00,1.769230769230769162e+00,-9.763313609467463294e-01
-8.000000000000000000e+00,4.000000000000000888e+00,2.615384615384615863e+00,-2.123076923076923350e+01,-3.674556213017751372e+00,-4.053254437869822979e+00
-1.569230769230769340e+01,1.169230769230769340e+01,-3.538461538461540101e+00,-1.661538461538461320e+01,3.136094674556217932e-01,-4.159763313609467161e+00
-4.923076923076923350e+00,9.230769230769231282e-01,-5.076923076923076650e+00,-2.769230769230769162e+00,-1.331360946745561824e+00,-7.213017751479290141e+00
-1.076923076923077094e+00,-2.923076923076922462e+00,3.076923076923078759e-01,-9.692307692307691624e+00,5.325443786982297922e-02,1.698224852071005930e+00
-6.461538461538461675e+00,2.461538461538461675e+00,-2.000000000000000000e+00,-1.046153846153846345e+01,3.331360946745562934e+00,-5.615384615384616751e+00
-8.769230769230770051e+00,4.769230769230769162e+00,-2.769230769230769162e+00,-1.123076923076922995e+01,1.485207100591718010e+00,3.520710059171597628e+00
-1.107692307692307665e+01,7.076923076923077538e+00,-3.538461538461539213e+00,-1.199999999999999822e+01,1.366863905325443440e+00,4.792899408284023721e-01
-9.538461538461540101e+00,5.538461538461540101e+00,5.692307692307693401e+00,-2.892307692307692690e+01,1.402366863905326166e+00,9.289940828402363238e-01
-1.338461538461538680e+01,9.384615384615386802e+00,3.076923076923074873e-01,-2.200000000000000000e+01,-1.532544378698224907e+00,-3.639053254437872198e+00
-2.615384615384615863e+00,-1.384615384615384359e+00,-4.307692307692307487e+00,-2.000000000000000000e+00,7.633136094674561889e-01,-5.177514792899408747e+00
-3.999899999999805722e+00,-1.000000001941669936e-04,-5.999900000000416789e+00,-9.999999897258859960e-05,-1.003915270438859864e-04,-1.000000001134537797e-04
-9.999999996468389440e-05,-3.999900000000035316e+00,-1.000000000773786194e-04,-7.999899999999810163e+00,-1.000011592453547299e-04,-1.000000463333705625e-04
-3.999900000000021549e+00,-9.999999997889474912e-05,-5.999900000000083722e+00,-9.999999985277341352e-05,-2.447224941054883640e+00,-1.100360382153553473e-04
-3.999900000000018885e+00,-9.999999998122621747e-05,-5.999900000000097045e+00,-9.999999982435170409e-05,-9.999999995721718378e-05,-7.724578809516788880e+00
-3.403969568404350277e+00,-5.960304315956493904e-01,-5.701972284202238228e+00,-2.499999987293222148e-05,-2.499999991978363312e-05,-2.500000004168612122e-05
-2.499999990845935827e-05,-3.999975000000091541e+00,-2.500000003500886563e-05,-7.999974999999838410e+00,-1.000011592444671749e-04,-2.656629648900814544e-01
-1.749999999991480593e-04,-3.999825000000000852e+00,-2.500000004301838885e-05,-8.000124999999913555e+00,-2.500000000571489522e-05,-2.500000034277860550e-05
-3.807042237567118903e+00,-1.929577624328809859e-01,-5.903508618783604334e+00,-2.499999991067980432e-05,-2.499999998673008150e-05,-2.500000012695124951e-05
-3.980015720918000710e+00,-1.998427908199928993e-02,-5.990004735459047325e+00,-6.249999906060565991e-06,-6.249999946111861604e-06,-6.249999973562125888e-06
-3.085313685897815184e+00,-9.146863141021851495e-01,-5.542653717948908820e+00,-6.249999998431121639e-06,-6.250000001539746108e-06,-6.250000277319145425e-06
-3.999993750000063741e+00,-6.249999936036587656e-06,-5.999993750000006898e+00,-6.250000050833648402e-06,-6.249999977753217806e-06,-2.450925973244348910e-01
-3.628895490995860840e+00,-3.711045090041387162e-01,-5.321203183303554241e+00,-9.864891243887536909e-01,-6.250000002649969133e-06,-6.249999938034989100e-06
-8.351327289961574252e-04,-3.999164867271004287e+00,-3.231604363519354983e+00,-1.537626405690286635e+00,-1.733551868795394545e-06,-6.776041167134119192e-01
-3.999998836033764604e+00,-1.163966235395719195e-06,-5.999998820994624893e+00,-1.194044514818415337e-06,-1.973763281037932416e-06,-3.639052799836122176e+00
-3.999998437499933779e+00,-1.562500066554228795e-06,-5.999998437499987958e+00,-1.562499958751573104e-06,-3.435038549285647669e+00,-2.450925973244366673e-01
-3.999998437499974635e+00,-1.562500025586999186e-06,-5.999998437499971082e+00,-1.562500031582203519e-06,-1.022150621277014172e-04,-1.562499944540718388e-06
-3.999999609374755849e+00,-3.906252443730551249e-07,-5.999999609374818021e+00,-3.906251189178533423e-07,-3.741646488824760919e+00,-3.906249776974846100e-07
-3.999999609374977894e+00,-3.906250221064055950e-07,-5.999999609374969012e+00,-3.906250398699739890e-07,-3.371373032769992228e+00,-1.971022479893749235e-01
-3.906249776974846100e-07,-3.999999609375022303e+00,-1.280364152518408627e+00,-5.439272085588160444e+00,-1.733551870491319677e-06,-6.776041167134128074e-01
-2.974359104567253276e+00,-1.025640895432746724e+00,-5.487179356971206623e+00,-3.906248400298295564e-07,-3.906250083396400896e-07,-4.681128808260037744e-02
-3.999999902344446134e+00,-9.765555397667213811e-08,-5.999999902344508307e+00,-9.765542907658186778e-08,-2.887928523122832658e+00,-2.379528542109543565e-02
-3.999999951171763435e+00,-4.882823667617941510e-08,-5.999999951171859358e+00,-4.882804427452924756e-08,-3.999999227405484969e+00,-9.928824686868829019e-01
-3.999999902344185898e+00,-9.765581410192680778e-08,-5.999999902344210767e+00,-9.765576436393530457e-08,-3.998196162240989171e+00,-9.765628217195398975e-08
-9.765695008212560424e-08,-3.999999902343049918e+00,-1.121524714847070614e+00,-5.756950667962808410e+00,-9.765648094275257241e-08,-9.995766081516421764e-08
-3.999865427373316074e+00,-1.345726266838154217e-04,-5.999932701479530728e+00,-2.441425506205519014e-08,-1.633136094674553451e+00,-2.441386381946131223e-08
-3.237189249984175454e+00,-7.628107500158242127e-01,-5.618594612785116738e+00,-2.441394109098382614e-08,-9.765648179005376441e-08,-1.604389238070869084e-02
-3.999999975583166112e+00,-2.441683377707448699e-08,-5.999999975583221179e+00,-2.441672419806195649e-08,-1.453286887354469759e+00,-2.441430702049274259e-08
-2.441299518096684551e-08,-3.999999975587004819e+00,-4.692920428720506187e-01,-7.061415938668893943e+00,-2.441426987172312965e-08,-2.441422264354287108e-08
-3.671627565223229084e+00,-3.283724347767712493e-01,-5.835813779560037773e+00,-6.103152649927778839e-09,-6.103380689737089786e-09,-1.605231821272568027e-02
-3.848934954398382402e+00,-1.510650456016179310e-01,-5.924467474147199653e+00,-6.103982208571778756e-09,-1.798357025517563361e-07,-1.045750997110417302e-02
-6.098981764068867051e-09,-3.999999993901018236e+00,-6.100052322532680457e-09,-7.999999993898876838e+00,-3.985970770135238705e+00,-9.995766081516421764e-08
-3.999865445684591236e+00,-1.345543154087636140e-04,-5.999932719790805891e+00,-6.102979455135937314e-09,-6.103511029920114605e-09,-1.799649064668784604e-04
-3.403994578409880845e+00,-5.960054215901193775e-01,-5.701997288442001377e+00,-1.525877202368519647e-09,-2.502090236500276177e-05,-7.128646168774430691e-01
-3.999999998452840266e+00,-1.547159733661374048e-09,-5.999999998453078298e+00,-1.546683670028414781e-09,-1.525739371080275993e-09,-1.525276793756802363e-09
-3.403994578409495375e+00,-5.960054215905041808e-01,-5.701997288442383294e+00,-1.524730119939476936e-09,-2.502090236133902579e-05,-7.128646168774483982e-01
-3.999999998476382324e+00,-1.523617454424197604e-09,-5.999999998474858209e+00,-1.526666792983633059e-09,-2.956386045032633803e+00,-1.525966020210489660e-09
-3.999999999630960090e+00,-3.690394656530315842e-10,-5.999999999619706870e+00,-3.915476831650721579e-10,-2.733992899258991471e+00,-5.916961325430598606e-01
-3.999999999586676402e+00,-4.133238196146749033e-10,-5.999999999586914434e+00,-4.128466457586910110e-10,-3.633844292893754879e+00,-3.832765216316147416e-10
-3.774403012357652187e-10,-3.999999999622559699e+00,-1.280363762295850805e+00,-5.439272475785738692e+00,-3.733352019102093120e-06,-6.776041237366170478e-01
-3.999999999641377535e+00,-3.586226871021835905e-10,-5.999999999629713976e+00,-3.819486948941630544e-10,-3.507503975933259355e+00,-3.815641136384329002e-10
-1.202643895581445577e-08,-3.999999987973561044e+00,-1.725957154971761239e-10,-8.000000011681247969e+00,-3.701824456967185650e+00,-9.624567809396467055e-11
-8.806200213484771666e-11,-3.999999999911937998e+00,-4.692920671969836866e-01,-7.061415865694094407e+00,-1.154117696089418388e-05,-1.521692031733223871e-02
-4.000000000476921613e+00,4.769215022903949830e-10,-6.000000001609134159e+00,2.741347149282091777e-09,-3.978517361993290535e+00,-9.736034201068832772e-11
-4.000000000894990748e+00,8.949909702238301179e-10,-5.999999998825753522e+00,-3.243484592019285628e-09,-6.298088228734627370e-01,-6.632975387264927747e-03
-4.000000002717007064e+00,2.717006619690209845e-09,-6.000000000640589803e+00,-1.435826124662753500e-09,-9.537870493892079612e-11,-9.092815389522002079e-11
-4.000000001442387543e+00,1.442387542738288175e-09,-5.999999999520380101e+00,-2.401627341441781027e-09,-9.648006943890281528e-11,-8.692957464973005699e-11
-3.999999998419522917e+00,-1.580477082541165146e-09,-5.999999997341942226e+00,-3.735638465229840222e-09,-3.978535542878841813e+00,-3.827453909366340667e-10
-3.999999999630960090e+00,-3.690399097422414343e-10,-5.999999999228631253e+00,-1.173697583567445690e-09,-3.308280652401536237e+00,-1.684767880760773551e-10
-3.999999998508016574e+00,-1.491983869783553018e-09,-5.999999997987393030e+00,-2.533229181977958433e-09,-3.147912047251657519e+00,-1.471523277869568602e-02
-3.999999999613996771e+00,-3.860032293800941261e-10,-5.999999999016407237e+00,-1.581182296206407045e-09,-3.308280652325515714e+00,-1.000755905233763343e-02
-4.000000004218714267e+00,4.218713822723429985e-09,-6.000000002373468533e+00,5.282241311022062291e-10,-2.940692015706680262e+00,-1.435563202104482627e+00
-3.999999996592316975e+00,-3.407682802603062555e-09,-5.999999996071695207e+00,-4.448927448663653195e-09,-1.398794963314298201e-05,-3.154525529680540785e-10
-4.000000000027359448e+00,2.735967008504758269e-11,-6.000000000014356516e+00,1.352695733203290729e-12,-2.855907041521266176e-02,4.980016399258602178e-12
-4.000000004539802312e+00,4.539802311853691208e-09,-6.000000002683591127e+00,8.273799423363925598e-10,-3.976286487062680841e+00,1.675211080964800203e-09
-4.000000000673362699e+00,6.733626989330332435e-10,-6.000000006192061086e+00,1.171075947326016831e-08,-1.035896329264503146e+00,-4.860127089232335607e-04
-4.000000006919888662e+00,6.919888662082485098e-09,-6.000000002431439938e+00,-2.057008785527614236e-09,-7.608020148456579210e-06,-2.857518666132818907e-09
-3.999999998719013128e+00,-1.280986872131961718e-09,-6.000000012674992611e+00,2.663097209421039224e-08,-1.034652272604215772e+00,6.338041202980093658e-10
-3.999999998518997124e+00,-1.481002875891590520e-09,-5.999999982132586673e+00,-3.425382377741925666e-08,-1.098055537335363763e+00,-5.917031144037387946e-01
-3.403994579757531724e+00,-5.960054202424683867e-01,-5.701997289790417867e+00,-1.766955470827724639e-10,-2.502090235995124701e-05,-7.128646168774501746e-01
-4.000000006875531255e+00,6.875531699535031294e-09,-6.000000001806572669e+00,-3.262387249236553544e-09,1.805965953671773150e-06,-6.185655651291749990e+00
-3.999999999524665562e+00,-4.753342164320883967e-10,-5.999999999832833275e+00,1.410001004842342809e-10,-3.971664007629547299e+00,-2.928824455699086116e-03
-4.000000010853284493e+00,1.085328427130605178e-08,-6.000000006364835770e+00,1.876387933918977069e-09,-2.716663491226806837e+00,-1.091899903826742957e-09
-3.999999999952706276e+00,-4.729394653679719340e-11,-5.999999998795338740e+00,-2.362027906599450944e-09,-6.298088251051511266e-01,7.872058560565164953e-11
-3.403994579757531724e+00,-5.960054202424686087e-01,-5.701997288910432005e+00,-1.936666826907185168e-09,-4.731408559418221471e-01,-2.120566472694207505e-04
-3.999999998422624437e+00,-1.577375563499572309e-09,-5.999999992417781591e+00,-1.358706125387243446e-08,-7.771979081462899730e-01,2.911578533826286730e-09
-3.999999999037029852e+00,-9.629701480662333779e-10,-5.999999998863703610e+00,-1.309622632561513456e-09,-3.147928255386445162e+00,-4.470453234262095066e-07
-3.999999999885490709e+00,-1.145088468490484956e-10,-6.000000000056443739e+00,2.273954358145147125e-10,-3.848151070896352000e+00,-5.821378378695563072e-03
-3.999999998742314489e+00,-1.257685955380338783e-09,-5.999999613440211377e+00,-7.718618904029028727e-07,1.110221489886881809e-16,-7.920938607242078433e-07
-6.163353027943685447e-08,-3.999999938366470165e+00,-2.558200981687743726e-06,-7.999994945231566845e+00,-2.372077811350984167e+00,-3.461537715201746579e+00
-4.000000001348236189e+00,1.348236078335673938e-09,-6.000000001806571781e+00,2.264907816851291500e-09,-2.310325909388806664e+00,1.284325090722404639e-09
-3.999999993291904588e+00,-6.708095634522237560e-09,-5.999999884072478196e+00,-2.251469473080192074e-07,-3.195081999964901165e+00,-4.627634163982206061e-01
-4.000000000631763974e+00,6.317641965125631032e-10,-6.000000000280267365e+00,-7.123013290311064338e-11,-1.296634547731656539e-06,-1.035396573952951371e-02
-3.999999996297280092e+00,-3.702719686415889555e-09,-5.999999887077855476e+00,-2.221415700276452299e-07,-1.667271977590090160e-05,-1.627633139378303895e-09
-3.999999999926282968e+00,-7.371703247827099403e-11,-5.999999999713036658e+00,-5.002096514772347291e-10,-3.147928571296116473e+00,2.382760655450510967e-10
-3.999999999343779145e+00,-6.562206333882159015e-10,-5.999999999066853995e+00,-1.210072042567844619e-09,-6.085214179136867467e-06,-3.595691380464671738e-05
-3.999999999846179044e+00,-1.538210669949080511e-10,-6.000000000326981997e+00,8.077853941301782470e-10,-6.423293139527338756e-07,-2.041165459674854077e-02
-3.999999999460767341e+00,-5.392324364805745063e-10,-5.999999999195274825e+00,-1.070218580423443200e-09,-1.658761901701224506e+00,-2.628859338749123253e-05
-4.000000004259258723e+00,4.259258945538135777e-09,-6.000000003745920019e+00,3.232580425560627191e-09,2.764341123134098484e-07,-9.994897887111164891e-07
-3.999999998133636936e+00,-1.866363286140426681e-09,-5.999999996488918796e+00,-5.155798454836713063e-09,-1.460841054257144833e-05,-1.550839456854191667e-09
-4.000000000815733259e+00,8.157330366742598926e-10,-6.000000001098001690e+00,1.380271008599720517e-09,-2.258889825706521304e+00,-2.304723747599814132e+00
-4.000000001717419096e+00,1.717418651736579704e-09,-2.255539316697863228e-05,-1.199995489093108425e+01,-2.665566533884237158e-06,-4.548326160147553310e-10
-3.999999994922662339e+00,-5.077337883463428625e-09,-5.999999992417780703e+00,-1.008710004413160277e-08,-1.330066199827042217e+00,2.956134448339753362e-09
-4.000000001253832593e+00,1.253832149217259939e-09,-6.000000001072294253e+00,8.907572457417245460e-10,-3.219006743638125414e-06,-2.485208476703331115e+00
-3.999999998556333480e+00,-1.443666963751866206e-09,-5.999999998235516330e+00,-2.085299488641112475e-09,-3.415797434180757097e+00,-1.292119902629451644e-05
-4.000000001052144150e+00,1.052144149582545651e-09,-6.000000004848350166e+00,8.644556181991447374e-09,-2.897437858863536775e+00,-1.174295418114290612e+00
1.836612429517714418e-05,-4.000018366124295177e+00,-3.999981633875704823e+00,-1.836612429534954926e-05,1.375117310359330602e-05,-7.310941185778574436e-09
-3.403994579757530836e+00,-5.960054202424692749e-01,-5.701997287353635535e+00,-5.050259321848216132e-09,-4.731429928484691683e-01,-2.120586915062006028e-04
-3.999999994747971854e+00,-5.252028367763728056e-09,-5.999999994456386432e+00,-5.835198102488448058e-09,-2.622544915585212522e+00,-5.239726890048146402e-02
-3.999999996733387242e+00,-3.266612536023671964e-09,-5.999999992417781591e+00,-1.189782494748214958e-08,2.944764466938920577e-06,-1.717961725635583470e+00
-3.999999997265030416e+00,-2.734969362094830103e-09,-5.999999997668409080e+00,-1.928213144708479376e-09,-4.900476081167759457e-01,-3.027758741221742156e-02
-3.999999993607152859e+00,-6.392846807479202198e-09,-5.999999997370876414e+00,1.134599081353826477e-09,-2.320025041295546986e-01,-1.878572852831439377e-09
9.607965800961792979e-06,-4.000009607965801628e+00,-3.614542936979614929e+00,-7.709045180749689585e-01,-3.841705318605252106e+00,-2.217607333321325314e-07
-2.281429673559374649e+00,-1.718570326440624907e+00,-2.277545078154181279e+00,-5.726339517251012978e+00,-1.565287964104384422e+00,-6.304619937225197646e-09
-3.461549740093754934e+00,-5.384502599062446215e-01,-5.384728170168311401e-01,-1.038460410606009354e+01,-3.925037024308501987e+00,-5.301687977521396533e-09
-2.891375209854703421e+00,-1.108624790145296579e+00,-1.506759825239319284e+00,-7.877855559376065742e+00,5.859877556471369502e-06,-6.798972052024510049e-09
-3.999999995114087881e+00,-4.885912341379139434e-09,-5.999999979186586785e+00,-3.674091342276142313e-08,-3.448331167601667580e-06,-3.018927055009612559e-07
-3.999999996498134536e+00,-3.501865242228063835e-09,-5.999999998045904448e+00,-4.063265279796723917e-10,-2.960775146199123853e+00,-1.695304695292776387e-05
-3.999999993016877475e+00,-6.983122746717640439e-09,-5.999999989415331747e+00,-1.418621309312584344e-08,-2.040749274180445827e+00,-5.153549558656322915e-06
-3.999999998360205034e+00,-1.639794744434652785e-09,-5.999999997741423563e+00,-2.877358795672080305e-09,-1.140839402886725062e-06,-2.910324110594331160e-06
-3.068191541844292658e+00,-9.318084581557073420e-01,-9.455238274558297462e-06,-1.106817263136774443e+01,-1.008898420939985216e-05,-1.848572050988650517e-08
-4.978796412480335221e-06,-3.999995021203587964e+00,-7.354284853483677997e-02,-7.852919281726737921e+00,-2.829166223790938517e+00,-3.118762564184152097e-02
-4.000000002035245750e+00,2.035246082776609455e-09,-6.000000003022860184e+00,4.010475507243427273e-09,-8.835955402020090332e-06,-3.571482110047631942e+00
-4.000000001672768590e+00,1.672769034399834709e-09,-6.000000000113768550e+00,-1.445232822305797526e-09,-4.680470972468237763e-07,-2.395693203311073383e+00
-4.000000005888664667e+00,5.888664666997556196e-09,-5.999999999828133035e+00,-6.232398597205701662e-09,-2.330836415808217321e+00,-1.537574579656286744e-02
-2.325454564466866714e-06,-3.999997674545435977e+00,-2.000002331548532464e+00,-3.999997662357499983e+00,-2.792850656962997391e-06,-2.680625466231800758e-01
-3.999999999658996330e+00,-3.410034477013823562e-10,-5.999999999454262323e+00,-7.504725729745587159e-10,-3.023144009419252320e+00,-6.433876245992564691e-06
-3.999980543402863020e+00,-1.945659713742386998e-05,-5.857179717854936740e+00,-2.856211076929882076e-01,-1.072663496359816367e-07,-1.603211883249855418e-06
-3.397235014935361619e+00,-6.027649850646380481e-01,-5.695236936712007036e+00,-6.761141511348434108e-03,-4.731422839005534065e-01,-7.128634909441613488e-01
-3.858384498131010254e+00,-1.416155018689899681e-01,-5.681968251166979123e+00,-4.944479957970511208e-01,-4.241319635976463498e-02,-5.431478995401359811e-01
9.963158484005418813e-06,-4.000009963158484005e+00,-7.692407323892522797e-01,-6.461508572063011435e+00,-1.022726600477361636e-01,-1.444010436961038479e+00
-4.000000000218737028e+00,2.187370284900680417e-10,-6.000000000308441273e+00,3.981455165558145382e-10,-3.585330631198428541e+00,-1.100462466929741367e-05
-4.000000001448546172e+00,1.448546171900488844e-09,-6.000000002399078269e+00,3.349610366853994492e-09,-3.634246623559885079e-06,-6.657199106230216046e-02
-4.000000001270160865e+00,1.270160421285027041e-09,-5.999999999441957499e+00,-2.386244535301784708e-09,-3.588059042444019298e+00,-1.489977566926370400e-05
-4.000000001299461871e+00,1.299461871440144023e-09,-5.999999999828133923e+00,-1.643194025291450089e-09,-3.386638860546120089e-06,1.196860388574805256e-10
-4.000000002065080551e+00,2.065080551005848974e-09,-5.999999996178573269e+00,-9.707934012226360210e-09,-3.012046594397610910e+00,-1.539796196686005203e-02
-3.999999998825516379e+00,-1.174483954535787689e-09,-5.999999998853782657e+00,-1.117951953233387030e-09,-3.711845266790068543e+00,-2.413321442240601300e-05
-3.999999999102624493e+00,-8.973753962138175666e-10,-6.000000000288655322e+00,1.474685706881473379e-09,7.322148240229697791e-06,-2.787834470829864131e-06
-3.999999999681056906e+00,-3.189430941574755707e-10,-5.999999998928648992e+00,-1.823758921659646148e-09,-1.722115477589669374e-01,1.246589498293815268e-09
-4.000000002340311056e+00,2.340310722992455794e-09,-6.000000009641647480e+00,1.694298479293365745e-08,-8.881783914398975177e-16,-5.237217770570623543e-09
-4.000000001249969017e+00,1.249968573091564394e-09,-5.999999998499168541e+00,-4.251630603135936326e-09,-2.896936635106448928e-06,-4.181828217042493634e-10
-3.999999998565074932e+00,-1.434924734589060336e-09,-5.999999998592215888e+00,-1.380644043535994570e-09,-3.851787386261988022e+00,-9.807145984197518374e-07
-3.999999999059896005e+00,-9.401039946510536538e-10,-5.999999999423979880e+00,-2.119362463304241828e-10,7.142268148019326190e-06,-4.914230705043909353e-02
-3.999999991523173648e+00,-8.476825907877127975e-09,-5.999999989415332635e+00,-1.269250970992175098e-08,-3.906663671352607281e+00,-5.149888695044069209e-06
-3.999999995003915565e+00,-4.996084657094002068e-09,-5.999999992417781591e+00,-1.016835149414418993e-08,-3.195148737492366831e+00,-1.941202713903198429e-01
-2.785742657174239412e-05,-3.999972142573428258e+00,-2.164674444795602781e+00,-3.670678967835366180e+00,-2.604001613448758690e-05,-5.826135129893827980e-09
-3.999999999162931807e+00,-8.370679704938766008e-10,-6.000000000469156269e+00,1.775379843138580327e-09,-2.928995083326643822e+00,-1.094674557023697758e+00
-3.474768128823592761e+00,-5.252318711764067949e-01,-4.065860422175735511e-01,-1.066159604438844610e+01,-5.930174860058201602e-07,-7.510761790285869210e-09
-3.999999997401730845e+00,-2.598269155384969054e-09,-5.999999997385592643e+00,-2.630545559156871605e-09,-3.621299722534867094e+00,-1.738489352476335625e-09
-3.999999999700193598e+00,-2.998064019266166724e-10,-5.999999999526083982e+00,-6.480256331542477710e-10,-2.330841020587727463e+00,-3.724448643963107486e-02
-1.686126838418289253e-05,-3.999983138731615817e+00,-2.316924290119739105e+00,-3.366168281028906861e+00,-4.360777546841276830e-07,-9.411515122792479815e-09
-3.999999999007703089e+00,-9.922970223286142755e-10,-5.999999999143402540e+00,-7.208975638661740959e-10,-3.554169925910960703e+00,-2.344899642192643796e-05
-4.000000000644251763e+00,6.442517630489419389e-10,-5.999999984250615093e+00,-3.214302157772408464e-08,-2.306875151671207380e+00,-4.810457809867330070e-08
-2.219149428306366190e-05,-3.999977808505716492e+00,-2.471960746147316534e+00,-3.056100699199649995e+00,-6.322894676689915763e-05,-9.665379607781687810e-10
-4.000000685274330614e+00,6.852743303920050266e-07,-6.000000685418078739e+00,6.855618277512576242e-07,-6.843503361517047981e-06,6.763752269378642268e-07
-3.999999999999916511e+00,-8.304468224196170922e-14,-5.999999999839136677e+00,-3.216444888209935016e-10,-3.605605918963448175e+00,-1.033538921231951235e-01
-3.999999999266899309e+00,-7.331004692190390415e-10,-5.999999996178573269e+00,-6.909753658135286969e-09,-2.641941761969017755e+00,-1.183746434207932907e-10
-4.000000001795598337e+00,1.795597892595424128e-09,-6.000000002668199883e+00,3.540802762103112400e-09,7.683831401372742675e-06,-1.770602957844094050e-01
-4.000000000316341620e+00,3.163413975215689788e-10,-5.999999998852836747e+00,-2.610667237945563102e-09,-3.068415912861983230e+00,1.094162538350929026e-09
-4.000000002132791721e+00,2.132792165099317572e-09,-6.000000002012198408e+00,1.891603762516069764e-09,-1.850998868215944976e-06,-1.657293164925022211e-07
-3.999999999962158270e+00,-3.784195179434846068e-11,-5.999999999864440881e+00,-2.332756210421393916e-10,-3.621301988249687742e+00,-1.440084094017635152e-05
-3.999999999364789893e+00,-6.352101067363946640e-10,-5.999999984250615093e+00,-3.086355970793874803e-08,-2.509454576354253575e-06,-7.990776066950644463e-04
-2.923080067902309231e+00,-1.076919932097690324e+00,-3.144825386769412034e-06,-1.092307377825153480e+01,-3.999999999999999556e+00,-9.763313609467507703e-01
-4.000000342174028667e+00,3.421740286668750741e-07,-6.000000339979854935e+00,3.377856812036839074e-07,-1.180111282409925355e+00,3.426193395661414343e-07
-4.000000002233719876e+00,2.233719542665824065e-09,-6.000000007329113316e+00,1.242450586858012684e-08,-2.929024703692972409e+00,-4.999994900590918334e+00
-4.000000341189498876e+00,3.411894992089159473e-07,-6.000000343664281033e+00,3.461390640779882233e-07,-2.929025186859595120e+00,-4.999983566112337741e+00
-3.551901320264505557e-05,-3.999964480986797355e+00,-1.874704039809650391e+00,-4.250627439393901419e+00,-4.012286200616443921e-05,4.285139354465172801e-09
-3.999999999102933579e+00,-8.970661991014594605e-10,-6.000000002694410917e+00,6.285887366175302304e-09,2.099494590745987210e-05,-1.094674556725797387e+00
-4.000000003806157167e+00,3.806157611307980915e-09,-6.000000001301277308e+00,-1.203603883226378457e-09,-3.111246396293238181e+00,-1.264406088921302462e+00
-3.999999998351971620e+00,-1.648028047362970483e-09,-5.999999998704177884e+00,-9.436149639441282488e-10,-3.003893227041304126e+00,-2.656210507812062360e-05
-3.999999995515263862e+00,-4.484736249033005606e-09,-5.999999995587424806e+00,-4.340413806147580544e-09,-1.926193298796436970e+00,-6.902724857482667176e-06
-3.999999997468581370e+00,-2.531418630269399728e-09,-5.999999997396775697e+00,-2.675029975307552377e-09,-3.383354325335270030e+00,-7.897197077312512192e-03
5.326368140323722855e-06,-4.000005326368140324e+00,-1.825127513578597593e+00,-4.349739646474664490e+00,-3.212960170251299985e-06,-5.422810644972742011e-09
-3.999999998353556130e+00,-1.646443870129132847e-09,-5.999999997385377704e+00,-3.582800722767842672e-09,-1.464893844893566666e-06,-6.501266610392519851e-06
-6.129589212236474793e-02,-3.938704107877635252e+00,-3.553237436891448553e+00,-9.548210183394671979e-01,-3.555786461799602893e+00,-9.149944801833953534e-09
-3.999999996700054794e+00,-3.299945539048110277e-09,-6.000000001806570893e+00,6.913087879922841239e-09,-3.729738664252621128e+00,-7.540008295947586703e-06
-4.000000168639211040e+00,1.686392108180001514e-07,-6.000000168039070658e+00,1.674389311645541056e-07,4.608028744135239663e-06,-8.364610777316361379e-02
-3.999999996944723968e+00,-3.055275921148847829e-09,-5.999999997437106991e+00,-2.070510429774685690e-09,3.204659134212195504e-06,-8.876197270524244232e-07
-3.838813315907065871e+00,-1.611866840929344624e-01,-5.871737540443659142e+00,-9.533823501974669767e-02,5.606268063203419927e-06,-1.230156421172523551e-08
-4.000000158824208008e+00,1.588242077854573608e-07,-6.000000158552819762e+00,1.582814324052606025e-07,-1.180110854063510351e+00,-2.485197962712829778e+00
-3.999999987953684055e+00,-1.204631594475813472e-08,-5.999999987647944621e+00,-1.265779481229856174e-08,-4.129741100181365047e-06,-3.762930096861705209e-02
-6.512820281950131296e-01,-3.348717971804986870e+00,-3.882051258964243967e+00,-8.871795102665249733e-01,1.445244896103314858e-05,-3.773036993948153395e-08
-4.000000157646508292e+00,1.576465085140199562e-07,-6.000000161110782493e+00,1.645750558054714929e-07,8.352443117143337759e-06,-2.615789977157809254e+00
-4.039528796939872990e-01,-3.596047120306012701e+00,-4.129380407465268910e+00,-1.451920647634501460e-01,2.238952398581073311e-05,-2.548508426514217717e-08
-3.555555324164800801e-01,-3.644444467583519920e+00,-4.177777754742779237e+00,-2.293092227212412126e-08,-5.236479836745466798e-06,-6.963740695198339381e-09
-3.999999973914069251e+00,-2.608593085984267645e-08,-5.999999975583221179e+00,-2.274762644915995224e-08,-1.453286899456001979e+00,-5.203927617714043663e-07
-2.050564286055380769e+00,-1.949435713944619231e+00,-2.508410465658177380e+00,-5.033743354739026010e+00,5.915465192376343656e-05,-2.292025058636681933e-08
-3.506473067904636309e-05,-3.999964935269320954e+00,-1.698635806795064429e+00,-4.602763451140550188e+00,-6.676206000895990902e-06,-2.499809337308533941e-08
-3.999999988882679602e+00,-1.111732061964687546e-08,-5.999999988811277163e+00,-1.126012438845691577e-08,-2.601047948505354590e+00,-9.633645849316252452e-04
-3.999999987716150507e+00,-1.228384927109971159e-08,-5.999999991155040568e+00,-5.406070258118234051e-09,2.667817674245620552e-06,-2.037085556239048856e-06
-1.219676373913695322e+00,-2.780323626086304678e+00,-7.280951440184046941e-01,-7.763486085876885490e+00,-6.315448139224220242e-05,-2.814824018315675858e-08
-4.000000072270784024e+00,7.227078413496457188e-08,-6.000000072439971355e+00,7.260915824147673447e-08,7.459563065026486584e-07,-2.258999220498373539e+00
-4.000000066692645184e+00,6.669264529524099316e-08,-6.000000067071373344e+00,6.745010106001814165e-08,-3.621301560469876168e+00,-1.062893292443245485e-02
-3.999999984733566549e+00,-1.526643389482273960e-08,-5.999999981798863402e+00,-2.113583841278909858e-08,-2.307085718666309404e+00,-4.177403823035774622e-04
-3.999999985765249733e+00,-1.423474982331640604e-08,-6.000000001806572669e+00,1.784789427361488379e-08,-1.090299625006337703e+00,-7.249685556740265824e+00
-4.000000067096085132e+00,6.709608535437894261e-08,-6.000000067456149111e+00,6.781621220142142192e-08,-2.929543429848740388e+00,-1.094674590869943565e+00
-3.999999989185622162e+00,-1.081437805972029764e-08,-5.999999991052308523e+00,-7.081004227416087815e-09,-3.458399949973767207e-06,-6.448097263647856181e-02
-3.790131831276859486e-01,-3.620986816872314051e+00,-4.154320104031572036e+00,-7.037297506454126550e-02,1.914041310602018951e-05,-8.224628089692487265e-09
-3.999999988574129972e+00,-1.142586958380320539e-08,-5.999999988247068927e+00,-1.207999344998711422e-08,-1.919308334586772695e-06,-7.657122681068972980e-02
-2.641341368292016156e-02,-3.973586586317079394e+00,-3.704839039039557747e-02,-7.952316632902128646e+00,-9.190781101327061622e-03,-5.763395896138229446e+00
-6.104895443597024851e-02,-3.938951045564029751e+00,-3.064818349746162962e+00,-1.931412254943643880e+00,-1.999494814002717336e+00,-1.123553967021230449e+00
-4.000000022276136491e+00,2.227613626892832599e-08,-6.000000021488155255e+00,2.070017490751752121e-08,-9.500969197218100959e-06,4.804395015156615045e-08
-3.999999990825793716e+00,-9.174206394568784617e-09,-5.999999991339839411e+00,-8.146114449658625745e-09,-4.927736863002962764e-07,-5.185634144311279670e-09
-3.999999979428483954e+00,-2.057151649026423001e-08,-5.999999969834394875e+00,-3.975969287139946573e-08,-1.453287028101291956e+00,-4.776130024121361117e-02
-3.999999987804689461e+00,-1.219531053919808983e-08,-5.999999988808704110e+00,-1.018728124080325870e-08,-1.068196633973541512e-06,-2.401275089880527958e-08
-1.538461517119758426e+00,-2.461538482880241574e+00,-4.769230747888988375e+00,-2.134178100909878140e-08,-5.091339118384891608e-05,-4.243903362066703266e-08
-4.000000337936667094e+00,3.379366672051631326e-07,-6.000000338347447837e+00,3.387582281355605573e-07,-2.827724531264162344e+00,3.480382790854719133e-07
-4.000000000793041188e+00,7.930409662293413930e-10,-5.999999997892273562e+00,-5.008493175751027593e-09,-1.583734021370908351e-06,-1.493484926992942441e+00
-4.000000700871137127e+00,7.008711375711129676e-07,-6.000000095244596210e+00,-5.103819460394731777e-07,-7.423437235093677256e-01,-5.408722049000413534e+00
-3.999999997690679265e+00,-2.309320734639186412e-09,-5.999999996589464146e+00,-4.511750972824302153e-09,-3.916134560676097554e+00,-2.254081721275724703e-08
-3.999999985765251509e+00,-1.423474893513798634e-08,-5.999999992075354172e+00,-1.614541833561133899e-09,-2.148999310980240551e+00,7.477064967176261234e-08
-3.999999996136548219e+00,-3.863452002761391668e-09,-5.999999995719948132e+00,-4.696651068059054523e-09,-3.870672572777604348e+00,-3.446338089041489638e-05
-4.000000001178571907e+00,1.178571906734759978e-09,-5.999999998632231879e+00,-3.914108148705963686e-09,-2.300833219881347258e+00,3.169681450643224707e-08
-3.999999997431669563e+00,-2.568330437213717232e-09,-5.999999996273403191e+00,-4.884863180620868661e-09,-4.653035392362565026e-01,8.706867227203929360e-09
-3.999999996157347582e+00,-3.842652085417341823e-09,-5.999999998632231879e+00,1.107115288334625802e-09,-2.065331192868669064e-05,7.020966474868828300e-08
-7.325369403021753101e-05,-3.999926746305970227e+00,-1.784183243546472841e+00,-4.431706766601084979e+00,-8.103370294293421594e-05,6.670463958968753104e-08
-4.513285726925886365e-05,-3.999954867142731185e+00,-1.957455852888864811e+00,-4.085133427079539636e+00,-1.085769070519049081e-05,-4.606224912606649013e-08
-4.167545937704506542e-01,-3.583245406229549346e+00,-4.167837170839405303e+00,-8.108025209164071434e-02,-1.079407969574792681e-01,-3.200344149689726692e-07
-2.493577363721096063e+00,-1.506422636278903937e+00,-1.679314310182538073e+00,-7.134948743356019918e+00,4.178490755568642356e-06,2.822862166240724946e-08
-3.999999987395673529e+00,-1.260432691552182405e-08,-5.999999987537922408e+00,-1.231982738048031933e-08,-2.958975464795107181e-06,1.088420109596199836e-08
-4.000000214360296624e+00,2.143602966242497132e-07,-6.000000199478174423e+00,1.845960522217637845e-07,-2.935543249236848951e+00,-1.094674606683351037e+00
-4.000000169286203722e+00,1.692862037216968929e-07,-6.000000157718765159e+00,1.461513265965663777e-07,-2.928994123141646533e+00,-1.094674623382115186e+00
-3.999999965278180802e+00,-3.472181941965857277e-08,-5.999999940405365884e+00,-8.446744814705198223e-08,-1.453286936765886272e+00,7.164604975518074070e-06
-4.000000002352628314e+00,2.352628536428369443e-09,-5.999999966017767861e+00,-7.031709348126469195e-08,7.527526539347073609e-06,6.999639978744198743e-08
-4.000000298448156855e+00,2.984481568546470953e-07,-6.000000281692965842e+00,2.649377748298320512e-07,-1.306679545928671528e-05,6.932412368598761532e-07
-4.000000147216228541e+00,1.472162285409694960e-07,-6.000000130763110562e+00,1.143099925826618346e-07,-2.928994128798440677e+00,-1.094674632810129999e+00
-3.999999839489745135e+00,-1.605102546431425026e-07,-5.999999836230109018e+00,-1.670295279865285920e-07,-3.621300810667201553e+00,-2.065963458251296458e-02
-3.999999783663243491e+00,-2.163367569529839329e-07,-5.999999777273197665e+00,-2.291168468282478443e-07,-2.310228044856835972e+00,-5.641889049279313895e-06
-3.999999834240981045e+00,-1.657590187331692277e-07,-5.999999834794586206e+00,-1.646518095199667187e-07,-3.621300721534241873e+00,2.864159016624512333e-07
-3.999999999714582977e+00,-2.854168013044500185e-10,-5.999999984441619638e+00,-3.083134458847780479e-08,-2.928994162701029857e+00,-1.094674689314659055e+00
-3.999999771345429167e+00,-2.286545703888975822e-07,-5.999999758076024037e+00,-2.551933824257446304e-07,-1.453287488181220555e+00,-4.247947508417837525e-06
1.475527469798620928e-03,-4.001475527469798621e+00,-1.490537853444337202e+00,-5.017448765641526975e+00,3.711293974473228729e-06,7.910657786602826036e-07
-3.999999796589687406e+00,-2.034103121495434152e-07,-5.999999869332764746e+00,-5.792415924688043560e-08,-6.007828302953044375e-03,1.580601773909506846e-07
-4.936003354135936050e-01,-3.506399664586406395e+00,-4.039732951745666156e+00,-4.141344319222608483e-01,-1.195124722314644394e-04,-4.289867101547883976e-06
-3.999999981581717989e+00,-1.841828223270169929e-08,-5.999999987191081630e+00,-7.199553841985562030e-09,-2.941542461834788291e+00,-1.094674692273011729e+00
-3.999999785544365416e+00,-2.144556345839987443e-07,-5.999999798024769682e+00,-1.894948260527939965e-07,-3.729739085088086270e+00,-3.473088244562934079e-01
-3.999999972152282979e+00,-2.784771735431235129e-08,-5.999999974678866366e+00,-2.279454935916191971e-08,-3.620359789535967820e+00,2.279412336658737104e-06
-2.265341500149416376e+00,-1.734658499850583180e+00,-2.492529376497722549e+00,-5.280282747153972167e+00,1.464572527198892971e-05,5.580371093216740519e-06
-3.999999972570122964e+00,-2.742987748050040864e-08,-5.999999974614471654e+00,-2.334117832347715193e-08,-3.601402707571169426e+00,-5.834824687411810373e-06
-3.999999975817429387e+00,-2.418257016856273367e-08,-5.999999973294551481e+00,-2.922832775809069972e-08,-2.928995976624577668e+00,-1.094671245039597451e+00
-2.133773555881681716e+00,-1.866226444118318284e+00,-3.192165824846508571e+00,-3.749441906188664575e+00,3.699256223499555393e-05,-1.277986616976534151e-06
-3.999999793251084235e+00,-2.067489154322643685e-07,-5.999999843449309367e+00,-1.063524646127689266e-07,-1.453286373019607502e+00,9.477833185833617335e-06
-3.999999785830609333e+00,-2.141693906665409486e-07,-5.999999791327794263e+00,-2.031750208075777664e-07,-2.587359433681157839e-05,-1.908854621035516175e-06
-3.999999834929978348e+00,-1.650700212074696083e-07,-5.999999836657305963e+00,-1.616153677552745194e-07,-3.620858805103928990e+00,-4.136169216906182555e-06
-3.999999791241332758e+00,-2.087586669086149982e-07,-5.999999810030681502e+00,-1.711799706427541423e-07,-1.052444048886720662e-04,-1.271658890189542035e-06
-6.674435286719329063e-01,-3.332556471328067094e+00,-1.886440493077851333e+00,-4.894562542516229797e+00,-3.104027819865636251e-01,1.576280331949675428e-05
-2.220880540541648962e+00,-1.779119459458351038e+00,-2.643616275248015235e+00,-4.933647990045618492e+00,-2.888453794578520473e-01,-1.240354405881581634e+00
-1.098178304637275282e+00,-2.901821695362724718e+00,-4.328947535406506120e+00,-4.402832338242630428e-01,-4.856610424031071460e-05,3.427646677600648673e-07
